Bidding Exercise,Announcement Date,Year,Category,Quota,Total Bids Received,Number of Successful Bids,Unnamed: 8,Unnamed: 9,Unnamed: 10,Unnamed: 11,Unnamed: 12,Unnamed: 13,Unnamed: 14,Unnamed: 15,Unnamed: 16,Unnamed: 17,Unnamed: 18
October 2007 Second Open Bidding Exercise,2007-10-15,2007,Cat A (Cars up to 1600cc and 97kW),2158,2472,2158,,,,,,,,,,,
November 2007 First Open Bidding Exercise,2007-11-01,2007,Cat A (Cars up to 1600cc and 97kW),2164,3040,2149,,,,,,,,,,,
November 2007 Second Open Bidding Exercise,2007-11-15,2007,Cat A (Cars up to 1600cc and 97kW),2158,2450,2154,,,,,,,,,,,
December 2007 First Open Bidding Exercise,2007-12-01,2007,Cat A (Cars up to 1600cc and 97kW),2174,2373,2171,,,,,,,,,,,
December 2007 Second Open Bidding Exercise,2007-12-15,2007,Cat A (Cars up to 1600cc and 97kW),2162,2588,2089,,,,,,,,,,,
January 2008 First Open Bidding Exercise,2008-01-09,2008,Cat A (Cars up to 1600cc and 97kW),2162,2553,2154,,,,,,,,,,,
January 2008 Second Open Bidding Exercise,2008-01-23,2008,Cat A (Cars up to 1600cc and 97kW),2231,2611,2098,,,,,,,,,,,
February 2008 First Open Bidding Exercise,2008-02-05,2008,Cat A (Cars up to 1600cc and 97kW),2167,3005,2155,,,,,,,,,,,
February 2008 Second Open Bidding Exercise,2008-02-20,2008,Cat A (Cars up to 1600cc and 97kW),2291,2923,2288,,,,,,,,,,,
March 2008 First Open Bidding Exercise,2008-03-05,2008,Cat A (Cars up to 1600cc and 97kW),2171,2727,2164,,,,,,,,,,,
March 2008 Second Open Bidding Exercise,2008-03-19,2008,Cat A (Cars up to 1600cc and 97kW),2161,2474,2161,,,,,,,,,,,
April 2008 First Open Bidding Exercise,2008-04-09,2008,Cat A (Cars up to 1600cc and 97kW),2043,2570,2026,,,,,,,,,,,
April 2008 Second Open Bidding Exercise,2008-04-23,2008,Cat A (Cars up to 1600cc and 97kW),2036,2197,2009,,,,,,,,,,,
May 2008 First Open Bidding Exercise,2008-05-07,2008,Cat A (Cars up to 1600cc and 97kW),2053,2211,2051,,,,,,,,,,,
May 2008 Second Open Bidding Exercise,2008-05-22,2008,Cat A (Cars up to 1600cc and 97kW),2063,2824,2062,,,,,,,,,,,
June 2008 First Open Bidding Exercise,2008-06-04,2008,Cat A (Cars up to 1600cc and 97kW),2038,2500,2038,,,,,,,,,,,
June 2008 Second Open Bidding Exercise,2008-06-18,2008,Cat A (Cars up to 1600cc and 97kW),2037,2319,2024,,,,,,,,,,,
July 2008 First Open Bidding Exercise,2008-07-09,2008,Cat A (Cars up to 1600cc and 97kW),2036,2463,2036,,,,,,,,,,,
July 2008 Second Open Bidding Exercise,2008-07-23,2008,Cat A (Cars up to 1600cc and 97kW),2048,2464,2047,,,,,,,,,,,
August 2008 First Open Bidding Exercise,2008-08-06,2008,Cat A (Cars up to 1600cc and 97kW),2035,2267,2032,,,,,,,,,,,
August 2008 Second Open Bidding Exercise,2008-08-20,2008,Cat A (Cars up to 1600cc and 97kW),2036,2318,2036,,,,,,,,,,,
September 2008 First Open Bidding Exercise,2008-09-03,2008,Cat A (Cars up to 1600cc and 97kW),2038,2172,2022,,,,,,,,,,,
September 2008 Second Open Bidding Exercise,2008-09-17,2008,Cat A (Cars up to 1600cc and 97kW),2035,2765,2029,,,,,,,,,,,
October 2008 First Open Bidding Exercise,2008-10-08,2008,Cat A (Cars up to 1600cc and 97kW),1856,2320,1848,,,,,,,,,,,
October 2008 Second Open Bidding Exercise,2008-10-22,2008,Cat A (Cars up to 1600cc and 97kW),1846,2149,1835,,,,,,,,,,,
November 2008 First Open Bidding Exercise,2008-11-05,2008,Cat A (Cars up to 1600cc and 97kW),1848,2049,1848,,,,,,,,,,,
November 2008 Second Open Bidding Exercise,2008-11-19,2008,Cat A (Cars up to 1600cc and 97kW),1851,1852,1840,,,,,,,,,,,
December 2008 First Open Bidding Exercise,2008-12-03,2008,Cat A (Cars up to 1600cc and 97kW),1840,3149,1840,,,,,,,,,,,
December 2008 Second Open Bidding Exercise,2008-12-17,2008,Cat A (Cars up to 1600cc and 97kW),1851,2788,1851,,,,,,,,,,,
January 2009 First Open Bidding Exercise,2009-01-07,2009,Cat A (Cars up to 1600cc and 97kW),1839,2541,1784,,,,,,,,,,,
January 2009 Second Open Bidding Exercise,2009-01-21,2009,Cat A (Cars up to 1600cc and 97kW),1839,2109,1832,,,,,,,,,,,
February 2009 First Open Bidding Exercise,2009-02-04,2009,Cat A (Cars up to 1600cc and 97kW),1894,2077,1894,,,,,,,,,,,
February 2009 Second Open Bidding Exercise,2009-02-18,2009,Cat A (Cars up to 1600cc and 97kW),1846,2722,1842,,,,,,,,,,,
March 2009 First Open Bidding Exercise,2009-03-04,2009,Cat A (Cars up to 1600cc and 97kW),1839,2376,1839,,,,,,,,,,,
March 2009 Second Open Bidding Exercise,2009-03-18,2009,Cat A (Cars up to 1600cc and 97kW),1843,2202,1843,,,,,,,,,,,
April 2009 First Open Bidding Exercise,2009-04-08,2009,Cat A (Cars up to 1600cc and 97kW),1396,2026,1396,,,,,,,,,,,
April 2009 Second Open Bidding Exercise,2009-04-22,2009,Cat A (Cars up to 1600cc and 97kW),1396,1906,1390,,,,,,,,,,,
May 2009 First Open Bidding Exercise,2009-05-06,2009,Cat A (Cars up to 1600cc and 97kW),1396,2037,1391,,,,,,,,,,,
May 2009 Second Open Bidding Exercise,2009-05-20,2009,Cat A (Cars up to 1600cc and 97kW),1402,1999,1383,,,,,,,,,,,
June 2009 First Open Bidding Exercise,2009-06-03,2009,Cat A (Cars up to 1600cc and 97kW),1401,1967,1391,,,,,,,,,,,
June 2009 Second Open Bidding Exercise,2009-06-17,2009,Cat A (Cars up to 1600cc and 97kW),1415,1735,1402,,,,,,,,,,,
July 2009 First Open Bidding Exercise,2009-07-08,2009,Cat A (Cars up to 1600cc and 97kW),1405,1655,1405,,,,,,,,,,,
July 2009 Second Open Bidding Exercise,2009-07-22,2009,Cat A (Cars up to 1600cc and 97kW),1408,1603,1408,,,,,,,,,,,
August 2009 First Open Bidding Exercise,2009-08-05,2009,Cat A (Cars up to 1600cc and 97kW),1395,1558,1395,,,,,,,,,,,
August 2009 Second Open Bidding Exercise,2009-08-19,2009,Cat A (Cars up to 1600cc and 97kW),1395,1567,1387,,,,,,,,,,,
September 2009 First Open Bidding Exercise,2009-09-09,2009,Cat A (Cars up to 1600cc and 97kW),1395,1844,1391,,,,,,,,,,,
September 2009 Second Open Bidding Exercise,2009-09-24,2009,Cat A (Cars up to 1600cc and 97kW),1403,1527,1400,,,,,,,,,,,
October 2009 First Open Bidding Exercise,2009-10-07,2009,Cat A (Cars up to 1600cc and 97kW),1151,1392,1072,,,,,,,,,,,
October 2009 Second Open Bidding Exercise,2009-10-21,2009,Cat A (Cars up to 1600cc and 97kW),1149,1544,1149,,,,,,,,,,,
November 2009 First Open Bidding Exercise,2009-11-04,2009,Cat A (Cars up to 1600cc and 97kW),1226,1395,1222,,,,,,,,,,,
November 2009 Second Open Bidding Exercise,2009-11-18,2009,Cat A (Cars up to 1600cc and 97kW),1146,1261,1142,,,,,,,,,,,
December 2009 First Open Bidding Exercise,2009-12-09,2009,Cat A (Cars up to 1600cc and 97kW),1151,1658,1146,,,,,,,,,,,
December 2009 Second Open Bidding Exercise,2009-12-23,2009,Cat A (Cars up to 1600cc and 97kW),1150,1465,1145,,,,,,,,,,,
January 2010 First Open Bidding Exercise,2010-01-06,2010,Cat A (Cars up to 1600cc and 97kW),1152,1342,1145,,,,,,,,,,,
January 2010 Second Open Bidding Exercise,2010-01-20,2010,Cat A (Cars up to 1600cc and 97kW),1151,1673,1149,,,,,,,,,,,
February 2010 First Open Bidding Exercise,2010-02-03,2010,Cat A (Cars up to 1600cc and 97kW),1154,1326,1153,,,,,,,,,,,
February 2010 Second Open Bidding Exercise,2010-02-24,2010,Cat A (Cars up to 1600cc and 97kW),1148,1493,1148,,,,,,,,,,,
March 2010 First Open Bidding Exercise,2010-03-10,2010,Cat A (Cars up to 1600cc and 97kW),1148,1758,1141,,,,,,,,,,,
March 2010 Second Open Bidding Exercise,2010-03-24,2010,Cat A (Cars up to 1600cc and 97kW),1146,2183,1137,,,,,,,,,,,
April 2010 First Open Bidding Exercise,2010-04-07,2010,Cat A (Cars up to 1600cc and 97kW),705,1379,597,,,,,,,,,,,
April 2010 Second Open Bidding Exercise,2010-04-21,2010,Cat A (Cars up to 1600cc and 97kW),706,1242,704,,,,,,,,,,,
May 2010 First Open Bidding Exercise,2010-05-05,2010,Cat A (Cars up to 1600cc and 97kW),806,1294,798,,,,,,,,,,,
May 2010 Second Open Bidding Exercise,2010-05-19,2010,Cat A (Cars up to 1600cc and 97kW),699,1036,697,,,,,,,,,,,
June 2010 First Open Bidding Exercise,2010-06-09,2010,Cat A (Cars up to 1600cc and 97kW),706,1107,704,,,,,,,,,,,
June 2010 Second Open Bidding Exercise,2010-06-23,2010,Cat A (Cars up to 1600cc and 97kW),699,902,697,,,,,,,,,,,
July 2010 First Open Bidding Exercise,2010-07-07,2010,Cat A (Cars up to 1600cc and 97kW),700,893,676,,,,,,,,,,,
July 2010 Second Open Bidding Exercise,2010-07-21,2010,Cat A (Cars up to 1600cc and 97kW),699,967,691,,,,,,,,,,,
August 2010 First Open Bidding Exercise,2010-08-04,2010,Cat A (Cars up to 1600cc and 97kW),622,786,589,,,,,,,,,,,
August 2010 Second Open Bidding Exercise,2010-08-18,2010,Cat A (Cars up to 1600cc and 97kW),606,975,606,,,,,,,,,,,
September 2010 First Open Bidding Exercise,2010-09-08,2010,Cat A (Cars up to 1600cc and 97kW),631,775,628,,,,,,,,,,,
September 2010 Second Open Bidding Exercise,2010-09-22,2010,Cat A (Cars up to 1600cc and 97kW),597,993,547,,,,,,,,,,,
October 2010 First Open Bidding Exercise,2010-10-06,2010,Cat A (Cars up to 1600cc and 97kW),601,722,601,,,,,,,,,,,
October 2010 Second Open Bidding Exercise,2010-10-20,2010,Cat A (Cars up to 1600cc and 97kW),647,817,647,,,,,,,,,,,
November 2010 First Open Bidding Exercise,2010-11-03,2010,Cat A (Cars up to 1600cc and 97kW),598,843,598,,,,,,,,,,,
November 2010 Second Open Bidding Exercise,2010-11-18,2010,Cat A (Cars up to 1600cc and 97kW),597,833,577,,,,,,,,,,,
December 2010 First Open Bidding Exercise,2010-12-08,2010,Cat A (Cars up to 1600cc and 97kW),598,1020,582,,,,,,,,,,,
December 2010 Second Open Bidding Exercise,2010-12-22,2010,Cat A (Cars up to 1600cc and 97kW),617,755,607,,,,,,,,,,,
January 2011 First Open Bidding Exercise,2011-01-05,2011,Cat A (Cars up to 1600cc and 97kW),614,1192,602,,,,,,,,,,,
January 2011 Second Open Bidding Exercise,2011-01-19,2011,Cat A (Cars up to 1600cc and 97kW),607,1091,606,,,,,,,,,,,
February 2011 First Open Bidding Exercise,2011-02-09,2011,Cat A (Cars up to 1600cc and 97kW),523,1146,501,,,,,,,,,,,
February 2011 Second Open Bidding Exercise,2011-02-23,2011,Cat A (Cars up to 1600cc and 97kW),511,788,494,,,,,,,,,,,
March 2011 First Open Bidding Exercise,2011-03-09,2011,Cat A (Cars up to 1600cc and 97kW),532,875,530,,,,,,,,,,,
March 2011 Second Open Bidding Exercise,2011-03-23,2011,Cat A (Cars up to 1600cc and 97kW),527,927,472,,,,,,,,,,,
April 2011 First Open Bidding Exercise,2011-04-06,2011,Cat A (Cars up to 1600cc and 97kW),512,813,511,,,,,,,,,,,
April 2011 Second Open Bidding Exercise,2011-04-20,2011,Cat A (Cars up to 1600cc and 97kW),565,964,552,,,,,,,,,,,
May 2011 First Open Bidding Exercise,2011-05-05,2011,Cat A (Cars up to 1600cc and 97kW),511,944,511,,,,,,,,,,,
May 2011 Second Open Bidding Exercise,2011-05-19,2011,Cat A (Cars up to 1600cc and 97kW),523,760,521,,,,,,,,,,,
June 2011 First Open Bidding Exercise,2011-06-08,2011,Cat A (Cars up to 1600cc and 97kW),510,880,506,,,,,,,,,,,
June 2011 Second Open Bidding Exercise,2011-06-22,2011,Cat A (Cars up to 1600cc and 97kW),512,715,512,,,,,,,,,,,
July 2011 First Open Bidding Exercise,2011-07-06,2011,Cat A (Cars up to 1600cc and 97kW),514,839,497,,,,,,,,,,,
July 2011 Second Open Bidding Exercise,2011-07-20,2011,Cat A (Cars up to 1600cc and 97kW),510,776,501,,,,,,,,,,,
August 2011 First Open Bidding Exercise,2011-08-03,2011,Cat A (Cars up to 1600cc and 97kW),566,1034,566,,,,,,,,,,,
August 2011 Second Open Bidding Exercise,2011-08-17,2011,Cat A (Cars up to 1600cc and 97kW),557,927,557,,,,,,,,,,,
September 2011 First Open Bidding Exercise,2011-09-07,2011,Cat A (Cars up to 1600cc and 97kW),548,794,547,,,,,,,,,,,
September 2011 Second Open Bidding Exercise,2011-09-21,2011,Cat A (Cars up to 1600cc and 97kW),548,951,531,,,,,,,,,,,
October 2011 First Open Bidding Exercise,2011-10-05,2011,Cat A (Cars up to 1600cc and 97kW),549,793,549,,,,,,,,,,,
October 2011 Second Open Bidding Exercise,2011-10-19,2011,Cat A (Cars up to 1600cc and 97kW),565,873,554,,,,,,,,,,,
November 2011 First Open Bidding Exercise,2011-11-10,2011,Cat A (Cars up to 1600cc and 97kW),548,766,547,,,,,,,,,,,
November 2011 Second Open Bidding Exercise,2011-11-23,2011,Cat A (Cars up to 1600cc and 97kW),559,756,541,,,,,,,,,,,
December 2011 First Open Bidding Exercise,2011-12-07,2011,Cat A (Cars up to 1600cc and 97kW),549,781,543,,,,,,,,,,,
December 2011 Second Open Bidding Exercise,2011-12-21,2011,Cat A (Cars up to 1600cc and 97kW),566,878,457,,,,,,,,,,,
January 2012 First Open Bidding Exercise,2012-01-05,2012,Cat A (Cars up to 1600cc and 97kW),554,901,554,,,,,,,,,,,
January 2012 Second Open Bidding Exercise,2012-01-18,2012,Cat A (Cars up to 1600cc and 97kW),657,903,652,,,,,,,,,,,
February 2012 First Open Bidding Exercise,2012-02-08,2012,Cat A (Cars up to 1600cc and 97kW),619,1058,571,,,,,,,,,,,
February 2012 Second Open Bidding Exercise,2012-02-22,2012,Cat A (Cars up to 1600cc and 97kW),624,1017,607,,,,,,,,,,,
March 2012 First Open Bidding Exercise,2012-03-07,2012,Cat A (Cars up to 1600cc and 97kW),667,912,649,,,,,,,,,,,
March 2012 Second Open Bidding Exercise,2012-03-21,2012,Cat A (Cars up to 1600cc and 97kW),636,1067,626,,,,,,,,,,,
April 2012 First Open Bidding Exercise,2012-04-04,2012,Cat A (Cars up to 1600cc and 97kW),637,960,615,,,,,,,,,,,
April 2012 Second Open Bidding Exercise,2012-04-18,2012,Cat A (Cars up to 1600cc and 97kW),629,1011,618,,,,,,,,,,,
May 2012 First Open Bidding Exercise,2012-05-09,2012,Cat A (Cars up to 1600cc and 97kW),641,822,593,,,,,,,,,,,
May 2012 Second Open Bidding Exercise,2012-05-23,2012,Cat A (Cars up to 1600cc and 97kW),630,945,617,,,,,,,,,,,
June 2012 First Open Bidding Exercise,2012-06-06,2012,Cat A (Cars up to 1600cc and 97kW),668,1004,647,,,,,,,,,,,
June 2012 Second Open Bidding Exercise,2012-06-20,2012,Cat A (Cars up to 1600cc and 97kW),633,920,577,,,,,,,,,,,
July 2012 First Open Bidding Exercise,2012-07-04,2012,Cat A (Cars up to 1600cc and 97kW),641,872,613,,,,,,,,,,,
July 2012 Second Open Bidding Exercise,2012-07-18,2012,Cat A (Cars up to 1600cc and 97kW),676,911,669,,,,,,,,,,,
August 2012 First Open Bidding Exercise,2012-08-08,2012,Cat A (Cars up to 1600cc and 97kW),421,724,415,,,,,,,,,,,
August 2012 Second Open Bidding Exercise,2012-08-23,2012,Cat A (Cars up to 1600cc and 97kW),400,530,391,,,,,,,,,,,
September 2012 First Open Bidding Exercise,2012-09-05,2012,Cat A (Cars up to 1600cc and 97kW),399,518,391,,,,,,,,,,,
September 2012 Second Open Bidding Exercise,2012-09-19,2012,Cat A (Cars up to 1600cc and 97kW),402,486,402,,,,,,,,,,,
October 2012 First Open Bidding Exercise,2012-10-03,2012,Cat A (Cars up to 1600cc and 97kW),401,506,399,,,,,,,,,,,
October 2012 Second Open Bidding Exercise,2012-10-17,2012,Cat A (Cars up to 1600cc and 97kW),393,509,390,,,,,,,,,,,
November 2012 First Open Bidding Exercise,2012-11-07,2012,Cat A (Cars up to 1600cc and 97kW),395,621,393,,,,,,,,,,,
November 2012 Second Open Bidding Exercise,2012-11-21,2012,Cat A (Cars up to 1600cc and 97kW),396,540,393,,,,,,,,,,,
December 2012 First Open Bidding Exercise,2012-12-05,2012,Cat A (Cars up to 1600cc and 97kW),395,482,378,,,,,,,,,,,
December 2012 Second Open Bidding Exercise,2012-12-19,2012,Cat A (Cars up to 1600cc and 97kW),395,499,378,,,,,,,,,,,
January 2013 First Open Bidding Exercise,2013-01-09,2013,Cat A (Cars up to 1600cc and 97kW),410,555,409,,,,,,,,,,,
January 2013 Second Open Bidding Exercise,2013-01-23,2013,Cat A (Cars up to 1600cc and 97kW),409,489,409,,,,,,,,,,,
February 2013 First Open Bidding Exercise,2013-02-06,2013,Cat A (Cars up to 1600cc and 97kW),335,418,333,,,,,,,,,,,
February 2013 Second Open Bidding Exercise,2013-02-20,2013,Cat A (Cars up to 1600cc and 97kW),333,427,329,,,,,,,,,,,
March 2013 First Open Bidding Exercise,2013-03-13,2013,Cat A (Cars up to 1600cc and 97kW),336,1180,329,,,,,,,,,,,
March 2013 Second Open Bidding Exercise,2013-03-27,2013,Cat A (Cars up to 1600cc and 97kW),337,923,337,,,,,,,,,,,
April 2013 First Open Bidding Exercise,2013-04-10,2013,Cat A (Cars up to 1600cc and 97kW),341,966,339,,,,,,,,,,,
April 2013 Second Open Bidding Exercise,2013-04-24,2013,Cat A (Cars up to 1600cc and 97kW),333,993,333,,,,,,,,,,,
May 2013 First Open Bidding Exercise,2013-05-08,2013,Cat A (Cars up to 1600cc and 97kW),336,912,329,,,,,,,,,,,
May 2013 Second Open Bidding Exercise,2013-05-22,2013,Cat A (Cars up to 1600cc and 97kW),333,888,324,,,,,,,,,,,
June 2013 First Open Bidding Exercise,2013-06-05,2013,Cat A (Cars up to 1600cc and 97kW),341,855,336,,,,,,,,,,,
June 2013 Second Open Bidding Exercise,2013-06-19,2013,Cat A (Cars up to 1600cc and 97kW),342,788,341,,,,,,,,,,,
July 2013 First Open Bidding Exercise,2013-07-03,2013,Cat A (Cars up to 1600cc and 97kW),338,716,328,,,,,,,,,,,
July 2013 Second Open Bidding Exercise,2013-07-17,2013,Cat A (Cars up to 1600cc and 97kW),334,621,332,,,,,,,,,,,
August 2013 First Open Bidding Exercise,2013-08-07,2013,Cat A (Cars up to 1600cc and 97kW),373,754,371,,,,,,,,,,,
August 2013 Second Open Bidding Exercise,2013-08-21,2013,Cat A (Cars up to 1600cc and 97kW),366,596,360,,,,,,,,,,,
September 2013 First Open Bidding Exercise,2013-09-04,2013,Cat A (Cars up to 1600cc and 97kW),366,609,365,,,,,,,,,,,
September 2013 Second Open Bidding Exercise,2013-09-18,2013,Cat A (Cars up to 1600cc and 97kW),370,654,361,,,,,,,,,,,
October 2013 First Open Bidding Exercise,2013-10-09,2013,Cat A (Cars up to 1600cc and 97kW),365,615,361,,,,,,,,,,,
October 2013 Second Open Bidding Exercise,2013-10-23,2013,Cat A (Cars up to 1600cc and 97kW),373,596,373,,,,,,,,,,,
November 2013 First Open Bidding Exercise,2013-11-06,2013,Cat A (Cars up to 1600cc and 97kW),368,590,368,,,,,,,,,,,
November 2013 Second Open Bidding Exercise,2013-11-20,2013,Cat A (Cars up to 1600cc and 97kW),364,650,361,,,,,,,,,,,
December 2013 First Open Bidding Exercise,2013-12-04,2013,Cat A (Cars up to 1600cc and 97kW),364,591,364,,,,,,,,,,,
December 2013 Second Open Bidding Exercise,2013-12-18,2013,Cat A (Cars up to 1600cc and 97kW),367,574,363,,,,,,,,,,,
January 2014 First Open Bidding Exercise,2014-01-08,2014,Cat A (Cars up to 1600cc and 97kW),364,623,361,,,,,,,,,,,
January 2014 Second Open Bidding Exercise,2014-01-22,2014,Cat A (Cars up to 1600cc and 97kW),368,724,364,,,,,,,,,,,
February 2014 First Open Bidding Exercise,2014-02-05,2014,Cat A (Cars up to 1600cc and 97kW),362,719,356,,,,,,,,,,,
February 2014 Second Open Bidding Exercise,2014-02-19,2014,Cat A (Cars up to 1600cc and 97kW),362,700,358,,,,,,,,,,,
March 2014 First Open Bidding Exercise,2014-03-05,2014,Cat A (Cars up to 1600cc and 97kW),365,615,356,,,,,,,,,,,
March 2014 Second Open Bidding Exercise,2014-03-19,2014,Cat A (Cars up to 1600cc and 97kW),362,577,360,,,,,,,,,,,
April 2014 First Open Bidding Exercise,2014-04-09,2014,Cat A (Cars up to 1600cc and 97kW),367,537,360,,,,,,,,,,,
April 2014 Second Open Bidding Exercise,2014-04-23,2014,Cat A (Cars up to 1600cc and 97kW),361,513,357,,,,,,,,,,,
May 2014 First Open Bidding Exercise,2014-05-07,2014,Cat A (Cars up to 1600cc and 97kW),513,676,512,,,,,,,,,,,
May 2014 Second Open Bidding Exercise,2014-05-21,2014,Cat A (Cars up to 1600cc and 97kW),509,997,506,,,,,,,,,,,
June 2014 First Open Bidding Exercise,2014-06-04,2014,Cat A (Cars up to 1600cc and 97kW),507,1040,499,,,,,,,,,,,
June 2014 Second Open Bidding Exercise,2014-06-18,2014,Cat A (Cars up to 1600cc and 97kW),509,1040,506,,,,,,,,,,,
July 2014 First Open Bidding Exercise,2014-07-09,2014,Cat A (Cars up to 1600cc and 97kW),513,1075,511,,,,,,,,,,,
July 2014 Second Open Bidding Exercise,2014-07-23,2014,Cat A (Cars up to 1600cc and 97kW),509,1190,505,,,,,,,,,,,
August 2014 First Open Bidding Exercise,2014-08-06,2014,Cat A (Cars up to 1600cc and 97kW),574,1086,574,,,,,,,,,,,
August 2014 Second Open Bidding Exercise,2014-08-20,2014,Cat A (Cars up to 1600cc and 97kW),575,994,574,,,,,,,,,,,
September 2014 First Open Bidding Exercise,2014-09-03,2014,Cat A (Cars up to 1600cc and 97kW),572,813,568,,,,,,,,,,,
September 2014 Second Open Bidding Exercise,2014-09-17,2014,Cat A (Cars up to 1600cc and 97kW),573,792,573,,,,,,,,,,,
October 2014 First Open Bidding Exercise,2014-10-09,2014,Cat A (Cars up to 1600cc and 97kW),575,1097,570,,,,,,,,,,,
October 2014 Second Open Bidding Exercise,2014-10-23,2014,Cat A (Cars up to 1600cc and 97kW),572,1092,569,,,,,,,,,,,
November 2014 First Open Bidding Exercise,2014-11-05,2014,Cat A (Cars up to 1600cc and 97kW),703,1196,692,,,,,,,,,,,
November 2014 Second Open Bidding Exercise,2014-11-19,2014,Cat A (Cars up to 1600cc and 97kW),701,1144,694,,,,,,,,,,,
December 2014 First Open Bidding Exercise,2014-12-03,2014,Cat A (Cars up to 1600cc and 97kW),709,996,703,,,,,,,,,,,
December 2014 Second Open Bidding Exercise,2014-12-17,2014,Cat A (Cars up to 1600cc and 97kW),705,868,699,,,,,,,,,,,
January 2015 First Open Bidding Exercise,2015-01-07,2015,Cat A (Cars up to 1600cc and 97kW),704,940,698,,,,,,,,,,,
January 2015 Second Open Bidding Exercise,2015-01-21,2015,Cat A (Cars up to 1600cc and 97kW),705,1068,703,,,,,,,,,,,
February 2015 First Open Bidding Exercise,2015-02-04,2015,Cat A (Cars up to 1600cc and 97kW),992,1295,991,,,,,,,,,,,
February 2015 Second Open Bidding Exercise,2015-02-17,2015,Cat A (Cars up to 1600cc and 97kW),988,1294,988,,,,,,,,,,,
March 2015 First Open Bidding Exercise,2015-03-04,2015,Cat A (Cars up to 1600cc and 97kW),987,2120,986,,,,,,,,,,,
March 2015 Second Open Bidding Exercise,2015-03-18,2015,Cat A (Cars up to 1600cc and 97kW),987,2251,987,,,,,,,,,,,
April 2015 First Open Bidding Exercise,2015-04-08,2015,Cat A (Cars up to 1600cc and 97kW),988,2340,970,,,,,,,,,,,
April 2015 Second Open Bidding Exercise,2015-04-22,2015,Cat A (Cars up to 1600cc and 97kW),987,2055,979,,,,,,,,,,,
May 2015 First Open Bidding Exercise,2015-05-06,2015,Cat A (Cars up to 1600cc and 97kW),1444,2891,1438,,,,,,,,,,,
May 2015 Second Open Bidding Exercise,2015-05-20,2015,Cat A (Cars up to 1600cc and 97kW),1434,2351,1431,,,,,,,,,,,
June 2015 First Open Bidding Exercise,2015-06-04,2015,Cat A (Cars up to 1600cc and 97kW),1432,1943,1393,,,,,,,,,,,
June 2015 Second Open Bidding Exercise,2015-06-17,2015,Cat A (Cars up to 1600cc and 97kW),1429,1766,1421,,,,,,,,,,,
July 2015 First Open Bidding Exercise,2015-07-08,2015,Cat A (Cars up to 1600cc and 97kW),1466,1891,1464,,,,,,,,,,,
July 2015 Second Open Bidding Exercise,2015-07-22,2015,Cat A (Cars up to 1600cc and 97kW),1435,1966,1365,,,,,,,,,,,
August 2015 First Open Bidding Exercise,2015-08-05,2015,Cat A (Cars up to 1600cc and 97kW),1688,2446,1687,,,,,,,,,,,
August 2015 Second Open Bidding Exercise,2015-08-19,2015,Cat A (Cars up to 1600cc and 97kW),1756,2597,1756,,,,,,,,,,,
September 2015 First Open Bidding Exercise,2015-09-09,2015,Cat A (Cars up to 1600cc and 97kW),1688,2553,1688,,,,,,,,,,,
September 2015 Second Open Bidding Exercise,2015-09-23,2015,Cat A (Cars up to 1600cc and 97kW),1687,2276,1684,,,,,,,,,,,
October 2015 First Open Bidding Exercise,2015-10-07,2015,Cat A (Cars up to 1600cc and 97kW),1687,2210,1679,,,,,,,,,,,
October 2015 Second Open Bidding Exercise,2015-10-21,2015,Cat A (Cars up to 1600cc and 97kW),1690,2229,1684,,,,,,,,,,,
November 2015 First Open Bidding Exercise,2015-11-04,2015,Cat A (Cars up to 1600cc and 97kW),1664,2009,1623,,,,,,,,,,,
November 2015 Second Open Bidding Exercise,2015-11-18,2015,Cat A (Cars up to 1600cc and 97kW),1662,2140,1650,,,,,,,,,,,
December 2015 First Open Bidding Exercise,2015-12-09,2015,Cat A (Cars up to 1600cc and 97kW),1698,2132,1696,,,,,,,,,,,
December 2015 Second Open Bidding Exercise,2015-12-23,2015,Cat A (Cars up to 1600cc and 97kW),1669,1978,1667,,,,,,,,,,,
January 2016 First Open Bidding Exercise,2016-01-06,2016,Cat A (Cars up to 1600cc and 97kW),1659,2013,1649,,,,,,,,,,,
January 2016 Second Open Bidding Exercise,2016-01-20,2016,Cat A (Cars up to 1600cc and 97kW),1659,3437,1638,,,,,,,,,,,
February 2016 First Open Bidding Exercise,2016-02-03,2016,Cat A (Cars up to 1600cc and 97kW),2038,2972,2033,,,,,,,,,,,
February 2016 Second Open Bidding Exercise,2016-02-17,2016,Cat A (Cars up to 1600cc and 97kW),2049,2965,2025,,,,,,,,,,,
March 2016 First Open Bidding Exercise,2016-03-09,2016,Cat A (Cars up to 1600cc and 97kW),2033,3518,1957,,,,,,,,,,,
March 2016 Second Open Bidding Exercise,2016-03-23,2016,Cat A (Cars up to 1600cc and 97kW),2053,3836,2020,,,,,,,,,,,
April 2016 First Open Bidding Exercise,2016-04-06,2016,Cat A (Cars up to 1600cc and 97kW),2105,3719,2103,,,,,,,,,,,
April 2016 Second Open Bidding Exercise,2016-04-20,2016,Cat A (Cars up to 1600cc and 97kW),2062,3327,2061,,,,,,,,,,,
May 2016 First Open Bidding Exercise,2016-05-05,2016,Cat A (Cars up to 1600cc and 97kW),2218,3446,2217,,,,,,,,,,,
May 2016 Second Open Bidding Exercise,2016-05-18,2016,Cat A (Cars up to 1600cc and 97kW),2217,3227,2182,,,,,,,,,,,
June 2016 First Open Bidding Exercise,2016-06-08,2016,Cat A (Cars up to 1600cc and 97kW),2218,4545,2213,,,,,,,,,,,
June 2016 Second Open Bidding Exercise,2016-06-22,2016,Cat A (Cars up to 1600cc and 97kW),2252,3957,2197,,,,,,,,,,,
July 2016 First Open Bidding Exercise,2016-07-07,2016,Cat A (Cars up to 1600cc and 97kW),2222,3194,2212,,,,,,,,,,,
July 2016 Second Open Bidding Exercise,2016-07-20,2016,Cat A (Cars up to 1600cc and 97kW),2272,3195,2246,,,,,,,,,,,
August 2016 First Open Bidding Exercise,2016-08-03,2016,Cat A (Cars up to 1600cc and 97kW),2018,2712,1959,,,,,,,,,,,
August 2016 Second Open Bidding Exercise,2016-08-17,2016,Cat A (Cars up to 1600cc and 97kW),2034,2803,2034,,,,,,,,,,,
September 2016 First Open Bidding Exercise,2016-09-07,2016,Cat A (Cars up to 1600cc and 97kW),2067,2739,2011,,,,,,,,,,,
September 2016 Second Open Bidding Exercise,2016-09-21,2016,Cat A (Cars up to 1600cc and 97kW),2008,2610,1993,,,,,,,,,,,
October 2016 First Open Bidding Exercise,2016-10-05,2016,Cat A (Cars up to 1600cc and 97kW),2064,2938,1979,,,,,,,,,,,
October 2016 Second Open Bidding Exercise,2016-10-19,2016,Cat A (Cars up to 1600cc and 97kW),2023,2584,2021,,,,,,,,,,,
November 2016 First Open Bidding Exercise,2016-11-09,2016,Cat A (Cars up to 1600cc and 97kW),1929,2800,1929,,,,,,,,,,,
November 2016 Second Open Bidding Exercise,2016-11-23,2016,Cat A (Cars up to 1600cc and 97kW),1846,2536,1846,,,,,,,,,,,
December 2016 First Open Bidding Exercise,2016-12-07,2016,Cat A (Cars up to 1600cc and 97kW),1844,2335,1812,,,,,,,,,,,
December 2016 Second Open Bidding Exercise,2016-12-21,2016,Cat A (Cars up to 1600cc and 97kW),1844,2554,1843,,,,,,,,,,,
January 2017 First Open Bidding Exercise,2017-01-05,2017,Cat A (Cars up to 1600cc and 97kW),1877,2260,1870,,,,,,,,,,,
January 2017 Second Open Bidding Exercise,2017-01-18,2017,Cat A (Cars up to 1600cc and 97kW),1846,2437,1766,,,,,,,,,,,
February 2017 First Open Bidding Exercise,2017-02-08,2017,Cat A (Cars up to 1600cc and 97kW),2060,2691,2051,,,,,,,,,,,
February 2017 Second Open Bidding Exercise,2017-02-24,2017,Cat A (Cars up to 1600cc and 97kW),2133,2926,2089,,,,,,,,,,,
March 2017 First Open Bidding Exercise,2017-03-15,2017,Cat A (Cars up to 1600cc and 97kW),2061,3190,2045,,,,,,,,,,,
March 2017 Second Open Bidding Exercise,2017-03-29,2017,Cat A (Cars up to 1600cc and 97kW),2096,2961,2096,,,,,,,,,,,
April 2017 First Open Bidding Exercise,2017-04-12,2017,Cat A (Cars up to 1600cc and 97kW),2068,2486,2061,,,,,,,,,,,
April 2017 Second Open Bidding Exercise,2017-04-26,2017,Cat A (Cars up to 1600cc and 97kW),2052,2442,2030,,,,,,,,,,,
May 2017 First Open Bidding Exercise,2017-05-11,2017,Cat A (Cars up to 1600cc and 97kW),1905,2240,1905,,,,,,,,,,,
May 2017 Second Open Bidding Exercise,2017-05-24,2017,Cat A (Cars up to 1600cc and 97kW),1920,2601,1913,,,,,,,,,,,
June 2017 First Open Bidding Exercise,2017-06-07,2017,Cat A (Cars up to 1600cc and 97kW),1898,2245,1893,,,,,,,,,,,
June 2017 Second Open Bidding Exercise,2017-06-21,2017,Cat A (Cars up to 1600cc and 97kW),1906,2302,1898,,,,,,,,,,,
July 2017 First Open Bidding Exercise,2017-07-05,2017,Cat A (Cars up to 1600cc and 97kW),1904,2296,1902,,,,,,,,,,,
July 2017 Second Open Bidding Exercise,2017-07-19,2017,Cat A (Cars up to 1600cc and 97kW),1907,2389,1905,,,,,,,,,,,
August 2017 First Open Bidding Exercise,2017-08-10,2017,Cat A (Cars up to 1600cc and 97kW),1817,2403,1812,,,,,,,,,,,
August 2017 Second Open Bidding Exercise,2017-08-23,2017,Cat A (Cars up to 1600cc and 97kW),1817,2148,1817,,,,,,,,,,,
September 2017 First Open Bidding Exercise,2017-09-06,2017,Cat A (Cars up to 1600cc and 97kW),1820,2195,1806,,,,,,,,,,,
September 2017 Second Open Bidding Exercise,2017-09-20,2017,Cat A (Cars up to 1600cc and 97kW),1815,3469,1815,,,,,,,,,,,
October 2017 First Open Bidding Exercise,2017-10-04,2017,Cat A (Cars up to 1600cc and 97kW),1829,2808,1827,,,,,,,,,,,
October 2017 Second Open Bidding Exercise,2017-10-19,2017,Cat A (Cars up to 1600cc and 97kW),1815,2391,1809,,,,,,,,,,,
November 2017 First Open Bidding Exercise,2017-11-08,2017,Cat A (Cars up to 1600cc and 97kW),1683,3430,1683,,,,,,,,,,,
November 2017 Second Open Bidding Exercise,2017-11-22,2017,Cat A (Cars up to 1600cc and 97kW),1686,2721,1679,,,,,,,,,,,
December 2017 First Open Bidding Exercise,2017-12-06,2017,Cat A (Cars up to 1600cc and 97kW),1680,2158,1667,,,,,,,,,,,
December 2017 Second Open Bidding Exercise,2017-12-20,2017,Cat A (Cars up to 1600cc and 97kW),1687,1970,1654,,,,,,,,,,,
January 2018 First Open Bidding Exercise,2018-01-04,2018,Cat A (Cars up to 1600cc and 97kW),1693,2264,1693,,,,,,,,,,,
January 2018 Second Open Bidding Exercise,2018-01-17,2018,Cat A (Cars up to 1600cc and 97kW),1713,1938,1708,,,,,,,,,,,
February 2018 First Open Bidding Exercise,2018-02-07,2018,Cat A (Cars up to 1600cc and 97kW),1557,2389,1534,,,,,,,,,,,
February 2018 Second Open Bidding Exercise,2018-02-21,2018,Cat A (Cars up to 1600cc and 97kW),1562,2073,1561,,,,,,,,,,,
March 2018 First Open Bidding Exercise,2018-03-07,2018,Cat A (Cars up to 1600cc and 97kW),1580,2405,1572,,,,,,,,,,,
March 2018 Second Open Bidding Exercise,2018-03-21,2018,Cat A (Cars up to 1600cc and 97kW),1559,2117,1551,,,,,,,,,,,
April 2018 First Open Bidding Exercise,2018-04-04,2018,Cat A (Cars up to 1600cc and 97kW),1566,1888,1564,,,,,,,,,,,
April 2018 Second Open Bidding Exercise,2018-04-18,2018,Cat A (Cars up to 1600cc and 97kW),1566,2027,1566,,,,,,,,,,,
May 2018 First Open Bidding Exercise,2018-05-09,2018,Cat A (Cars up to 1600cc and 97kW),1435,1836,1428,,,,,,,,,,,
May 2018 Second Open Bidding Exercise,2018-05-23,2018,Cat A (Cars up to 1600cc and 97kW),1434,1805,1422,,,,,,,,,,,
June 2018 First Open Bidding Exercise,2018-06-06,2018,Cat A (Cars up to 1600cc and 97kW),1441,1696,1440,,,,,,,,,,,
June 2018 Second Open Bidding Exercise,2018-06-20,2018,Cat A (Cars up to 1600cc and 97kW),1446,1818,1437,,,,,,,,,,,
July 2018 First Open Bidding Exercise,2018-07-04,2018,Cat A (Cars up to 1600cc and 97kW),1435,1626,1427,,,,,,,,,,,
July 2018 Second Open Bidding Exercise,2018-07-18,2018,Cat A (Cars up to 1600cc and 97kW),1443,3100,1412,,,,,,,,,,,
August 2018 First Open Bidding Exercise,2018-08-08,2018,Cat A (Cars up to 1600cc and 97kW),1672,3633,1672,,,,,,,,,,,
August 2018 Second Open Bidding Exercise,2018-08-23,2018,Cat A (Cars up to 1600cc and 97kW),1695,2948,1695,,,,,,,,,,,
September 2018 First Open Bidding Exercise,2018-09-05,2018,Cat A (Cars up to 1600cc and 97kW),1664,2488,1661,,,,,,,,,,,
September 2018 Second Open Bidding Exercise,2018-09-19,2018,Cat A (Cars up to 1600cc and 97kW),1664,2059,1655,,,,,,,,,,,
October 2018 First Open Bidding Exercise,2018-10-03,2018,Cat A (Cars up to 1600cc and 97kW),1668,2059,1665,,,,,,,,,,,
October 2018 Second Open Bidding Exercise,2018-10-17,2018,Cat A (Cars up to 1600cc and 97kW),1674,1811,1672,,,,,,,,,,,
November 2018 First Open Bidding Exercise,2018-11-08,2018,Cat A (Cars up to 1600cc and 97kW),1819,2849,1757,,,,,,,,,,,
November 2018 Second Open Bidding Exercise,2018-11-21,2018,Cat A (Cars up to 1600cc and 97kW),1818,2231,1744,,,,,,,,,,,
December 2018 First Open Bidding Exercise,2018-12-05,2018,Cat A (Cars up to 1600cc and 97kW),1878,2177,1878,,,,,,,,,,,
December 2018 Second Open Bidding Exercise,2018-12-19,2018,Cat A (Cars up to 1600cc and 97kW),1890,2729,1887,,,,,,,,,,,
January 2019 First Open Bidding Exercise,2019-01-09,2019,Cat A (Cars up to 1600cc and 97kW),1815,2707,1804,,,,,,,,,,,
January 2019 Second Open Bidding Exercise,2019-01-23,2019,Cat A (Cars up to 1600cc and 97kW),1818,2864,1818,,,,,,,,,,,
February 2019 First Open Bidding Exercise,2019-02-08,2019,Cat A (Cars up to 1600cc and 97kW),1662,2371,1653,,,,,,,,,,,
February 2019 Second Open Bidding Exercise,2019-02-20,2019,Cat A (Cars up to 1600cc and 97kW),1650,2261,1650,,,,,,,,,,,
March 2019 First Open Bidding Exercise,2019-03-06,2019,Cat A (Cars up to 1600cc and 97kW),1659,2213,1653,,,,,,,,,,,
March 2019 Second Open Bidding Exercise,2019-03-20,2019,Cat A (Cars up to 1600cc and 97kW),1650,2204,1647,,,,,,,,,,,
April 2019 First Open Bidding Exercise,2019-04-03,2019,Cat A (Cars up to 1600cc and 97kW),1656,2338,1650,,,,,,,,,,,
April 2019 Second Open Bidding Exercise,2019-04-17,2019,Cat A (Cars up to 1600cc and 97kW),1653,2249,1603,,,,,,,,,,,
May 2019 First Open Bidding Exercise,2019-05-08,2019,Cat A (Cars up to 1600cc and 97kW),1431,1988,1431,,,,,,,,,,,
May 2019 Second Open Bidding Exercise,2019-05-23,2019,Cat A (Cars up to 1600cc and 97kW),1475,1799,1475,,,,,,,,,,,
June 2019 First Open Bidding Exercise,2019-06-06,2019,Cat A (Cars up to 1600cc and 97kW),1424,1902,1417,,,,,,,,,,,
June 2019 Second Open Bidding Exercise,2019-06-19,2019,Cat A (Cars up to 1600cc and 97kW),1424,1742,1225,,,,,,,,,,,
July 2019 First Open Bidding Exercise,2019-07-03,2019,Cat A (Cars up to 1600cc and 97kW),1431,1795,1428,,,,,,,,,,,
July 2019 Second Open Bidding Exercise,2019-07-17,2019,Cat A (Cars up to 1600cc and 97kW),1623,1902,1617,,,,,,,,,,,
August 2019 First Open Bidding Exercise,2019-08-07,2019,Cat A (Cars up to 1600cc and 97kW),1059,2023,1059,,,,,,,,,,,
August 2019 Second Open Bidding Exercise,2019-08-21,2019,Cat A (Cars up to 1600cc and 97kW),1062,1725,1062,,,,,,,,,,,
September 2019 First Open Bidding Exercise,2019-09-04,2019,Cat A (Cars up to 1600cc and 97kW),1056,1656,1056,,,,,,,,,,,
September 2019 Second Open Bidding Exercise,2019-09-18,2019,Cat A (Cars up to 1600cc and 97kW),1056,1453,1053,,,,,,,,,,,
October 2019 First Open Bidding Exercise,2019-10-09,2019,Cat A (Cars up to 1600cc and 97kW),1057,1659,1033,,,,,,,,,,,
October 2019 Second Open Bidding Exercise,2019-10-23,2019,Cat A (Cars up to 1600cc and 97kW),1060,1467,1056,,,,,,,,,,,
November 2019 First Open Bidding Exercise,2019-11-06,2019,Cat A (Cars up to 1600cc and 97kW),1043,1302,1031,,,,,,,,,,,
November 2019 Second Open Bidding Exercise,2019-11-20,2019,Cat A (Cars up to 1600cc and 97kW),1023,1468,1012,,,,,,,,,,,
December 2019 First Open Bidding Exercise,2019-12-04,2019,Cat A (Cars up to 1600cc and 97kW),1030,1386,1013,,,,,,,,,,,
December 2019 Second Open Bidding Exercise,2019-12-18,2019,Cat A (Cars up to 1600cc and 97kW),1029,1256,1013,,,,,,,,,,,
January 2020 First Open Bidding Exercise,2020-01-08,2020,Cat A (Cars up to 1600cc and 97kW),1035,1450,1026,,,,,,,,,,,
January 2020 Second Open Bidding Exercise,2020-01-22,2020,Cat A (Cars up to 1600cc and 97kW),1034,1390,1025,,,,,,,,,,,
February 2020 First Open Bidding Exercise,2020-02-05,2020,Cat A (Cars up to 1600cc and 97kW),982,1204,977,,,,,,,,,,,
February 2020 Second Open Bidding Exercise,2020-02-19,2020,Cat A (Cars up to 1600cc and 97kW),982,1564,973,,,,,,,,,,,
March 2020 First Open Bidding Exercise,2020-03-04,2020,Cat A (Cars up to 1600cc and 97kW),978,1436,973,,,,,,,,,,,
March 2020 Second Open Bidding Exercise,2020-03-18,2020,Cat A (Cars up to 1600cc and 97kW),982,1421,962,,,,,,,,,,,
July 2020 First Open Bidding Exercise,2020-07-08,2020,Cat A (Cars up to 1600cc and 97kW),1289,3061,1286,,,,,,,,,,,
July 2020 Second Open Bidding Exercise,2020-07-22,2020,Cat A (Cars up to 1600cc and 97kW),1304,2485,1290,,,,,,,,,,,
August 2020 First Open Bidding Exercise,2020-08-05,2020,Cat A (Cars up to 1600cc and 97kW),1022,2047,1007,,,,,,,,,,,
August 2020 Second Open Bidding Exercise,2020-08-19,2020,Cat A (Cars up to 1600cc and 97kW),1034,2099,1019,,,,,,,,,,,
September 2020 First Open Bidding Exercise,2020-09-09,2020,Cat A (Cars up to 1600cc and 97kW),1035,1737,1035,,,,,,,,,,,
September 2020 Second Open Bidding Exercise,2020-09-23,2020,Cat A (Cars up to 1600cc and 97kW),1034,1540,1031,,,,,,,,,,,
October 2020 First Open Bidding Exercise,2020-10-07,2020,Cat A (Cars up to 1600cc and 97kW),912,1272,907,,,,,,,,,,,
October 2020 Second Open Bidding Exercise,2020-10-21,2020,Cat A (Cars up to 1600cc and 97kW),916,1323,907,,,,,,,,,,,
November 2020 First Open Bidding Exercise,2020-11-04,2020,Cat A (Cars up to 1600cc and 97kW),967,1262,952,,,,,,,,,,,
November 2020 Second Open Bidding Exercise,2020-11-18,2020,Cat A (Cars up to 1600cc and 97kW),972,1361,966,,,,,,,,,,,
December 2020 First Open Bidding Exercise,2020-12-09,2020,Cat A (Cars up to 1600cc and 97kW),978,1620,978,,,,,,,,,,,
December 2020 Second Open Bidding Exercise,2020-12-23,2020,Cat A (Cars up to 1600cc and 97kW),969,1403,966,,,,,,,,,,,
January 2021 First Open Bidding Exercise,2021-01-06,2021,Cat A (Cars up to 1600cc and 97kW),963,1280,962,,,,,,,,,,,
January 2021 Second Open Bidding Exercise,2021-01-20,2021,Cat A (Cars up to 1600cc and 97kW),963,1280,962,,,,,,,,,,,
February 2021 First Open Bidding Exercise,2021-02-03,2021,Cat A (Cars up to 1600cc and 97kW),885,1098,881,,,,,,,,,,,
February 2021 Second Open Bidding Exercise,2021-02-17,2021,Cat A (Cars up to 1600cc and 97kW),903,1226,900,,,,,,,,,,,
March 2021 First Open Bidding Exercise,2021-03-03,2021,Cat A (Cars up to 1600cc and 97kW),887,1175,887,,,,,,,,,,,
March 2021 Second Open Bidding Exercise,2021-03-17,2021,Cat A (Cars up to 1600cc and 97kW),886,1186,879,,,,,,,,,,,
April 2021 First Open Bidding Exercise,2021-04-07,2021,Cat A (Cars up to 1600cc and 97kW),883,1212,880,,,,,,,,,,,
April 2021 Second Open Bidding Exercise,2021-04-21,2021,Cat A (Cars up to 1600cc and 97kW),890,1290,883,,,,,,,,,,,
May 2021 First Open Bidding Exercise,2021-05-05,2021,Cat A (Cars up to 1600cc and 97kW),832,1100,803,,,,,,,,,,,
May 2021 Second Open Bidding Exercise,2021-05-19,2021,Cat A (Cars up to 1600cc and 97kW),835,1209,834,,,,,,,,,,,
June 2021 First Open Bidding Exercise,2021-06-09,2021,Cat A (Cars up to 1600cc and 97kW),858,1439,820,,,,,,,,,,,
June 2021 Second Open Bidding Exercise,2021-06-23,2021,Cat A (Cars up to 1600cc and 97kW),830,1178,823,,,,,,,,,,,
July 2021 First Open Bidding Exercise,2021-07-07,2021,Cat A (Cars up to 1600cc and 97kW),867,1149,864,,,,,,,,,,,
July 2021 Second Open Bidding Exercise,2021-07-22,2021,Cat A (Cars up to 1600cc and 97kW),836,1240,832,,,,,,,,,,,
August 2021 First Open Bidding Exercise,2021-08-04,2021,Cat A (Cars up to 1600cc and 97kW),805,1021,804,,,,,,,,,,,
August 2021 Second Open Bidding Exercise,2021-08-18,2021,Cat A (Cars up to 1600cc and 97kW),806,1127,806,,,,,,,,,,,
September 2021 First Open Bidding Exercise,2021-09-08,2021,Cat A (Cars up to 1600cc and 97kW),804,1124,790,,,,,,,,,,,
September 2021 Second Open Bidding Exercise,2021-09-22,2021,Cat A (Cars up to 1600cc and 97kW),803,1040,795,,,,,,,,,,,
October 2021 First Open Bidding Exercise,2021-10-06,2021,Cat A (Cars up to 1600cc and 97kW),816,1077,812,,,,,,,,,,,
October 2021 Second Open Bidding Exercise,2021-10-20,2021,Cat A (Cars up to 1600cc and 97kW),811,1304,806,,,,,,,,,,,
November 2021 First Open Bidding Exercise,2021-11-03,2021,Cat A (Cars up to 1600cc and 97kW),536,834,531,,,,,,,,,,,
November 2021 Second Open Bidding Exercise,2021-11-17,2021,Cat A (Cars up to 1600cc and 97kW),537,706,535,,,,,,,,,,,
December 2021 First Open Bidding Exercise,2021-12-08,2021,Cat A (Cars up to 1600cc and 97kW),536,771,525,,,,,,,,,,,
December 2021 Second Open Bidding Exercise,2021-12-22,2021,Cat A (Cars up to 1600cc and 97kW),534,740,534,,,,,,,,,,,
January 2022 First Open Bidding Exercise,2022-01-05,2022,Cat A (Cars up to 1600cc and 97kW),543,760,533,,,,,,,,,,,
January 2022 Second Open Bidding Exercise,2022-01-19,2022,Cat A (Cars up to 1600cc and 97kW),531,711,526,,,,,,,,,,,
February 2022 First Open Bidding Exercise,2022-02-09,2022,Cat A (Cars up to 1600cc and 97kW),542,819,542,,,,,,,,,,,
February 2022 Second Open Bidding Exercise,2022-02-23,2022,Cat A (Cars up to 1600cc and 97kW),536,876,524,,,,,,,,,,,
October 2007 Second Open Bidding Exercise,2007-10-15,2007,Cat B (Cars above 1600cc or 97kW),1133,1370,1132,,,,,,,,,,,
November 2007 First Open Bidding Exercise,2007-11-01,2007,Cat B (Cars above 1600cc or 97kW),1125,1438,1087,,,,,,,,,,,
November 2007 Second Open Bidding Exercise,2007-11-15,2007,Cat B (Cars above 1600cc or 97kW),1126,1339,1126,,,,,,,,,,,
December 2007 First Open Bidding Exercise,2007-12-01,2007,Cat B (Cars above 1600cc or 97kW),1163,1334,1116,,,,,,,,,,,
December 2007 Second Open Bidding Exercise,2007-12-15,2007,Cat B (Cars above 1600cc or 97kW),1125,1578,1106,,,,,,,,,,,
January 2008 First Open Bidding Exercise,2008-01-09,2008,Cat B (Cars above 1600cc or 97kW),1172,1556,1164,,,,,,,,,,,
January 2008 Second Open Bidding Exercise,2008-01-23,2008,Cat B (Cars above 1600cc or 97kW),1144,1328,1144,,,,,,,,,,,
February 2008 First Open Bidding Exercise,2008-02-05,2008,Cat B (Cars above 1600cc or 97kW),1133,1454,1133,,,,,,,,,,,
February 2008 Second Open Bidding Exercise,2008-02-20,2008,Cat B (Cars above 1600cc or 97kW),1125,1632,1120,,,,,,,,,,,
March 2008 First Open Bidding Exercise,2008-03-05,2008,Cat B (Cars above 1600cc or 97kW),1125,1499,1092,,,,,,,,,,,
March 2008 Second Open Bidding Exercise,2008-03-19,2008,Cat B (Cars above 1600cc or 97kW),1130,1387,1110,,,,,,,,,,,
April 2008 First Open Bidding Exercise,2008-04-09,2008,Cat B (Cars above 1600cc or 97kW),1132,1382,1130,,,,,,,,,,,
April 2008 Second Open Bidding Exercise,2008-04-23,2008,Cat B (Cars above 1600cc or 97kW),1119,1324,1118,,,,,,,,,,,
May 2008 First Open Bidding Exercise,2008-05-07,2008,Cat B (Cars above 1600cc or 97kW),1101,1230,1075,,,,,,,,,,,
May 2008 Second Open Bidding Exercise,2008-05-22,2008,Cat B (Cars above 1600cc or 97kW),1100,1396,1100,,,,,,,,,,,
June 2008 First Open Bidding Exercise,2008-06-04,2008,Cat B (Cars above 1600cc or 97kW),1125,1282,1125,,,,,,,,,,,
June 2008 Second Open Bidding Exercise,2008-06-18,2008,Cat B (Cars above 1600cc or 97kW),1099,1280,1099,,,,,,,,,,,
July 2008 First Open Bidding Exercise,2008-07-09,2008,Cat B (Cars above 1600cc or 97kW),1099,1383,1094,,,,,,,,,,,
July 2008 Second Open Bidding Exercise,2008-07-23,2008,Cat B (Cars above 1600cc or 97kW),1099,1307,1099,,,,,,,,,,,
August 2008 First Open Bidding Exercise,2008-08-06,2008,Cat B (Cars above 1600cc or 97kW),1104,1253,1104,,,,,,,,,,,
August 2008 Second Open Bidding Exercise,2008-08-20,2008,Cat B (Cars above 1600cc or 97kW),1099,1362,1071,,,,,,,,,,,
September 2008 First Open Bidding Exercise,2008-09-03,2008,Cat B (Cars above 1600cc or 97kW),1099,1195,1066,,,,,,,,,,,
September 2008 Second Open Bidding Exercise,2008-09-17,2008,Cat B (Cars above 1600cc or 97kW),1127,1288,1126,,,,,,,,,,,
October 2008 First Open Bidding Exercise,2008-10-08,2008,Cat B (Cars above 1600cc or 97kW),1132,1338,1132,,,,,,,,,,,
October 2008 Second Open Bidding Exercise,2008-10-22,2008,Cat B (Cars above 1600cc or 97kW),1100,1302,1099,,,,,,,,,,,
November 2008 First Open Bidding Exercise,2008-11-05,2008,Cat B (Cars above 1600cc or 97kW),1099,1216,1098,,,,,,,,,,,
November 2008 Second Open Bidding Exercise,2008-11-19,2008,Cat B (Cars above 1600cc or 97kW),1100,1181,1097,,,,,,,,,,,
December 2008 First Open Bidding Exercise,2008-12-03,2008,Cat B (Cars above 1600cc or 97kW),1100,1411,1099,,,,,,,,,,,
December 2008 Second Open Bidding Exercise,2008-12-17,2008,Cat B (Cars above 1600cc or 97kW),1102,1318,1102,,,,,,,,,,,
January 2009 First Open Bidding Exercise,2009-01-07,2009,Cat B (Cars above 1600cc or 97kW),1100,1332,1100,,,,,,,,,,,
January 2009 Second Open Bidding Exercise,2009-01-21,2009,Cat B (Cars above 1600cc or 97kW),1099,1179,1097,,,,,,,,,,,
February 2009 First Open Bidding Exercise,2009-02-04,2009,Cat B (Cars above 1600cc or 97kW),1099,1231,1097,,,,,,,,,,,
February 2009 Second Open Bidding Exercise,2009-02-18,2009,Cat B (Cars above 1600cc or 97kW),1101,1675,1090,,,,,,,,,,,
March 2009 First Open Bidding Exercise,2009-03-04,2009,Cat B (Cars above 1600cc or 97kW),1101,1346,1100,,,,,,,,,,,
March 2009 Second Open Bidding Exercise,2009-03-18,2009,Cat B (Cars above 1600cc or 97kW),1110,1359,1101,,,,,,,,,,,
April 2009 First Open Bidding Exercise,2009-04-08,2009,Cat B (Cars above 1600cc or 97kW),761,1036,707,,,,,,,,,,,
April 2009 Second Open Bidding Exercise,2009-04-22,2009,Cat B (Cars above 1600cc or 97kW),769,1001,755,,,,,,,,,,,
May 2009 First Open Bidding Exercise,2009-05-06,2009,Cat B (Cars above 1600cc or 97kW),814,1021,814,,,,,,,,,,,
May 2009 Second Open Bidding Exercise,2009-05-20,2009,Cat B (Cars above 1600cc or 97kW),774,1051,774,,,,,,,,,,,
June 2009 First Open Bidding Exercise,2009-06-03,2009,Cat B (Cars above 1600cc or 97kW),760,1131,740,,,,,,,,,,,
June 2009 Second Open Bidding Exercise,2009-06-17,2009,Cat B (Cars above 1600cc or 97kW),760,1066,758,,,,,,,,,,,
July 2009 First Open Bidding Exercise,2009-07-08,2009,Cat B (Cars above 1600cc or 97kW),780,1052,778,,,,,,,,,,,
July 2009 Second Open Bidding Exercise,2009-07-22,2009,Cat B (Cars above 1600cc or 97kW),762,992,737,,,,,,,,,,,
August 2009 First Open Bidding Exercise,2009-08-05,2009,Cat B (Cars above 1600cc or 97kW),762,934,755,,,,,,,,,,,
August 2009 Second Open Bidding Exercise,2009-08-19,2009,Cat B (Cars above 1600cc or 97kW),785,889,784,,,,,,,,,,,
September 2009 First Open Bidding Exercise,2009-09-09,2009,Cat B (Cars above 1600cc or 97kW),767,1003,767,,,,,,,,,,,
September 2009 Second Open Bidding Exercise,2009-09-24,2009,Cat B (Cars above 1600cc or 97kW),761,914,758,,,,,,,,,,,
October 2009 First Open Bidding Exercise,2009-10-07,2009,Cat B (Cars above 1600cc or 97kW),685,816,666,,,,,,,,,,,
October 2009 Second Open Bidding Exercise,2009-10-21,2009,Cat B (Cars above 1600cc or 97kW),688,832,686,,,,,,,,,,,
November 2009 First Open Bidding Exercise,2009-11-04,2009,Cat B (Cars above 1600cc or 97kW),704,779,697,,,,,,,,,,,
November 2009 Second Open Bidding Exercise,2009-11-18,2009,Cat B (Cars above 1600cc or 97kW),687,797,675,,,,,,,,,,,
December 2009 First Open Bidding Exercise,2009-12-09,2009,Cat B (Cars above 1600cc or 97kW),692,857,690,,,,,,,,,,,
December 2009 Second Open Bidding Exercise,2009-12-23,2009,Cat B (Cars above 1600cc or 97kW),697,816,665,,,,,,,,,,,
January 2010 First Open Bidding Exercise,2010-01-06,2010,Cat B (Cars above 1600cc or 97kW),687,883,679,,,,,,,,,,,
January 2010 Second Open Bidding Exercise,2010-01-20,2010,Cat B (Cars above 1600cc or 97kW),717,1105,717,,,,,,,,,,,
February 2010 First Open Bidding Exercise,2010-02-03,2010,Cat B (Cars above 1600cc or 97kW),693,930,690,,,,,,,,,,,
February 2010 Second Open Bidding Exercise,2010-02-24,2010,Cat B (Cars above 1600cc or 97kW),685,956,658,,,,,,,,,,,
March 2010 First Open Bidding Exercise,2010-03-10,2010,Cat B (Cars above 1600cc or 97kW),688,1087,667,,,,,,,,,,,
March 2010 Second Open Bidding Exercise,2010-03-24,2010,Cat B (Cars above 1600cc or 97kW),711,1207,699,,,,,,,,,,,
April 2010 First Open Bidding Exercise,2010-04-07,2010,Cat B (Cars above 1600cc or 97kW),571,858,571,,,,,,,,,,,
April 2010 Second Open Bidding Exercise,2010-04-21,2010,Cat B (Cars above 1600cc or 97kW),561,896,549,,,,,,,,,,,
May 2010 First Open Bidding Exercise,2010-05-05,2010,Cat B (Cars above 1600cc or 97kW),550,869,547,,,,,,,,,,,
May 2010 Second Open Bidding Exercise,2010-05-19,2010,Cat B (Cars above 1600cc or 97kW),561,715,553,,,,,,,,,,,
June 2010 First Open Bidding Exercise,2010-06-09,2010,Cat B (Cars above 1600cc or 97kW),553,779,546,,,,,,,,,,,
June 2010 Second Open Bidding Exercise,2010-06-23,2010,Cat B (Cars above 1600cc or 97kW),557,720,554,,,,,,,,,,,
July 2010 First Open Bidding Exercise,2010-07-07,2010,Cat B (Cars above 1600cc or 97kW),557,671,557,,,,,,,,,,,
July 2010 Second Open Bidding Exercise,2010-07-21,2010,Cat B (Cars above 1600cc or 97kW),552,890,548,,,,,,,,,,,
August 2010 First Open Bidding Exercise,2010-08-04,2010,Cat B (Cars above 1600cc or 97kW),479,662,479,,,,,,,,,,,
August 2010 Second Open Bidding Exercise,2010-08-18,2010,Cat B (Cars above 1600cc or 97kW),482,683,472,,,,,,,,,,,
September 2010 First Open Bidding Exercise,2010-09-08,2010,Cat B (Cars above 1600cc or 97kW),479,757,479,,,,,,,,,,,
September 2010 Second Open Bidding Exercise,2010-09-22,2010,Cat B (Cars above 1600cc or 97kW),488,648,488,,,,,,,,,,,
October 2010 First Open Bidding Exercise,2010-10-06,2010,Cat B (Cars above 1600cc or 97kW),479,630,476,,,,,,,,,,,
October 2010 Second Open Bidding Exercise,2010-10-20,2010,Cat B (Cars above 1600cc or 97kW),479,766,478,,,,,,,,,,,
November 2010 First Open Bidding Exercise,2010-11-03,2010,Cat B (Cars above 1600cc or 97kW),482,718,482,,,,,,,,,,,
November 2010 Second Open Bidding Exercise,2010-11-18,2010,Cat B (Cars above 1600cc or 97kW),480,709,459,,,,,,,,,,,
December 2010 First Open Bidding Exercise,2010-12-08,2010,Cat B (Cars above 1600cc or 97kW),479,1034,477,,,,,,,,,,,
December 2010 Second Open Bidding Exercise,2010-12-22,2010,Cat B (Cars above 1600cc or 97kW),499,872,494,,,,,,,,,,,
January 2011 First Open Bidding Exercise,2011-01-05,2011,Cat B (Cars above 1600cc or 97kW),481,790,474,,,,,,,,,,,
January 2011 Second Open Bidding Exercise,2011-01-19,2011,Cat B (Cars above 1600cc or 97kW),483,700,482,,,,,,,,,,,
February 2011 First Open Bidding Exercise,2011-02-09,2011,Cat B (Cars above 1600cc or 97kW),431,640,431,,,,,,,,,,,
February 2011 Second Open Bidding Exercise,2011-02-23,2011,Cat B (Cars above 1600cc or 97kW),424,726,423,,,,,,,,,,,
March 2011 First Open Bidding Exercise,2011-03-09,2011,Cat B (Cars above 1600cc or 97kW),424,667,423,,,,,,,,,,,
March 2011 Second Open Bidding Exercise,2011-03-23,2011,Cat B (Cars above 1600cc or 97kW),424,579,424,,,,,,,,,,,
April 2011 First Open Bidding Exercise,2011-04-06,2011,Cat B (Cars above 1600cc or 97kW),425,542,410,,,,,,,,,,,
April 2011 Second Open Bidding Exercise,2011-04-20,2011,Cat B (Cars above 1600cc or 97kW),423,627,422,,,,,,,,,,,
May 2011 First Open Bidding Exercise,2011-05-05,2011,Cat B (Cars above 1600cc or 97kW),439,650,439,,,,,,,,,,,
May 2011 Second Open Bidding Exercise,2011-05-19,2011,Cat B (Cars above 1600cc or 97kW),424,564,424,,,,,,,,,,,
June 2011 First Open Bidding Exercise,2011-06-08,2011,Cat B (Cars above 1600cc or 97kW),424,759,403,,,,,,,,,,,
June 2011 Second Open Bidding Exercise,2011-06-22,2011,Cat B (Cars above 1600cc or 97kW),423,684,410,,,,,,,,,,,
July 2011 First Open Bidding Exercise,2011-07-06,2011,Cat B (Cars above 1600cc or 97kW),445,728,444,,,,,,,,,,,
July 2011 Second Open Bidding Exercise,2011-07-20,2011,Cat B (Cars above 1600cc or 97kW),436,626,436,,,,,,,,,,,
August 2011 First Open Bidding Exercise,2011-08-03,2011,Cat B (Cars above 1600cc or 97kW),354,469,349,,,,,,,,,,,
August 2011 Second Open Bidding Exercise,2011-08-17,2011,Cat B (Cars above 1600cc or 97kW),353,527,353,,,,,,,,,,,
September 2011 First Open Bidding Exercise,2011-09-07,2011,Cat B (Cars above 1600cc or 97kW),359,496,356,,,,,,,,,,,
September 2011 Second Open Bidding Exercise,2011-09-21,2011,Cat B (Cars above 1600cc or 97kW),353,469,353,,,,,,,,,,,
October 2011 First Open Bidding Exercise,2011-10-05,2011,Cat B (Cars above 1600cc or 97kW),356,524,353,,,,,,,,,,,
October 2011 Second Open Bidding Exercise,2011-10-19,2011,Cat B (Cars above 1600cc or 97kW),353,633,353,,,,,,,,,,,
November 2011 First Open Bidding Exercise,2011-11-10,2011,Cat B (Cars above 1600cc or 97kW),356,551,355,,,,,,,,,,,
November 2011 Second Open Bidding Exercise,2011-11-23,2011,Cat B (Cars above 1600cc or 97kW),353,518,338,,,,,,,,,,,
December 2011 First Open Bidding Exercise,2011-12-07,2011,Cat B (Cars above 1600cc or 97kW),354,474,351,,,,,,,,,,,
December 2011 Second Open Bidding Exercise,2011-12-21,2011,Cat B (Cars above 1600cc or 97kW),368,464,368,,,,,,,,,,,
January 2012 First Open Bidding Exercise,2012-01-05,2012,Cat B (Cars above 1600cc or 97kW),356,511,356,,,,,,,,,,,
January 2012 Second Open Bidding Exercise,2012-01-18,2012,Cat B (Cars above 1600cc or 97kW),353,537,351,,,,,,,,,,,
February 2012 First Open Bidding Exercise,2012-02-08,2012,Cat B (Cars above 1600cc or 97kW),350,635,346,,,,,,,,,,,
February 2012 Second Open Bidding Exercise,2012-02-22,2012,Cat B (Cars above 1600cc or 97kW),351,580,348,,,,,,,,,,,
March 2012 First Open Bidding Exercise,2012-03-07,2012,Cat B (Cars above 1600cc or 97kW),354,626,352,,,,,,,,,,,
March 2012 Second Open Bidding Exercise,2012-03-21,2012,Cat B (Cars above 1600cc or 97kW),352,529,352,,,,,,,,,,,
April 2012 First Open Bidding Exercise,2012-04-04,2012,Cat B (Cars above 1600cc or 97kW),352,483,348,,,,,,,,,,,
April 2012 Second Open Bidding Exercise,2012-04-18,2012,Cat B (Cars above 1600cc or 97kW),349,563,349,,,,,,,,,,,
May 2012 First Open Bidding Exercise,2012-05-09,2012,Cat B (Cars above 1600cc or 97kW),354,545,354,,,,,,,,,,,
May 2012 Second Open Bidding Exercise,2012-05-23,2012,Cat B (Cars above 1600cc or 97kW),349,482,349,,,,,,,,,,,
June 2012 First Open Bidding Exercise,2012-06-06,2012,Cat B (Cars above 1600cc or 97kW),350,490,342,,,,,,,,,,,
June 2012 Second Open Bidding Exercise,2012-06-20,2012,Cat B (Cars above 1600cc or 97kW),349,477,346,,,,,,,,,,,
July 2012 First Open Bidding Exercise,2012-07-04,2012,Cat B (Cars above 1600cc or 97kW),358,459,358,,,,,,,,,,,
July 2012 Second Open Bidding Exercise,2012-07-18,2012,Cat B (Cars above 1600cc or 97kW),353,549,352,,,,,,,,,,,
August 2012 First Open Bidding Exercise,2012-08-08,2012,Cat B (Cars above 1600cc or 97kW),350,489,345,,,,,,,,,,,
August 2012 Second Open Bidding Exercise,2012-08-23,2012,Cat B (Cars above 1600cc or 97kW),351,532,351,,,,,,,,,,,
September 2012 First Open Bidding Exercise,2012-09-05,2012,Cat B (Cars above 1600cc or 97kW),355,466,355,,,,,,,,,,,
September 2012 Second Open Bidding Exercise,2012-09-19,2012,Cat B (Cars above 1600cc or 97kW),351,523,349,,,,,,,,,,,
October 2012 First Open Bidding Exercise,2012-10-03,2012,Cat B (Cars above 1600cc or 97kW),350,414,350,,,,,,,,,,,
October 2012 Second Open Bidding Exercise,2012-10-17,2012,Cat B (Cars above 1600cc or 97kW),353,540,353,,,,,,,,,,,
November 2012 First Open Bidding Exercise,2012-11-07,2012,Cat B (Cars above 1600cc or 97kW),350,573,350,,,,,,,,,,,
November 2012 Second Open Bidding Exercise,2012-11-21,2012,Cat B (Cars above 1600cc or 97kW),351,487,342,,,,,,,,,,,
December 2012 First Open Bidding Exercise,2012-12-05,2012,Cat B (Cars above 1600cc or 97kW),350,493,337,,,,,,,,,,,
December 2012 Second Open Bidding Exercise,2012-12-19,2012,Cat B (Cars above 1600cc or 97kW),360,478,360,,,,,,,,,,,
January 2013 First Open Bidding Exercise,2013-01-09,2013,Cat B (Cars above 1600cc or 97kW),363,470,363,,,,,,,,,,,
January 2013 Second Open Bidding Exercise,2013-01-23,2013,Cat B (Cars above 1600cc or 97kW),351,452,351,,,,,,,,,,,
February 2013 First Open Bidding Exercise,2013-02-06,2013,Cat B (Cars above 1600cc or 97kW),302,431,278,,,,,,,,,,,
February 2013 Second Open Bidding Exercise,2013-02-20,2013,Cat B (Cars above 1600cc or 97kW),303,409,299,,,,,,,,,,,
March 2013 First Open Bidding Exercise,2013-03-13,2013,Cat B (Cars above 1600cc or 97kW),326,1028,326,,,,,,,,,,,
March 2013 Second Open Bidding Exercise,2013-03-27,2013,Cat B (Cars above 1600cc or 97kW),307,940,300,,,,,,,,,,,
April 2013 First Open Bidding Exercise,2013-04-10,2013,Cat B (Cars above 1600cc or 97kW),302,835,287,,,,,,,,,,,
April 2013 Second Open Bidding Exercise,2013-04-24,2013,Cat B (Cars above 1600cc or 97kW),310,683,281,,,,,,,,,,,
May 2013 First Open Bidding Exercise,2013-05-08,2013,Cat B (Cars above 1600cc or 97kW),317,601,317,,,,,,,,,,,
May 2013 Second Open Bidding Exercise,2013-05-22,2013,Cat B (Cars above 1600cc or 97kW),332,749,329,,,,,,,,,,,
June 2013 First Open Bidding Exercise,2013-06-05,2013,Cat B (Cars above 1600cc or 97kW),302,732,274,,,,,,,,,,,
June 2013 Second Open Bidding Exercise,2013-06-19,2013,Cat B (Cars above 1600cc or 97kW),305,734,304,,,,,,,,,,,
July 2013 First Open Bidding Exercise,2013-07-03,2013,Cat B (Cars above 1600cc or 97kW),331,652,325,,,,,,,,,,,
July 2013 Second Open Bidding Exercise,2013-07-17,2013,Cat B (Cars above 1600cc or 97kW),303,574,301,,,,,,,,,,,
August 2013 First Open Bidding Exercise,2013-08-07,2013,Cat B (Cars above 1600cc or 97kW),380,682,373,,,,,,,,,,,
August 2013 Second Open Bidding Exercise,2013-08-21,2013,Cat B (Cars above 1600cc or 97kW),375,627,371,,,,,,,,,,,
September 2013 First Open Bidding Exercise,2013-09-04,2013,Cat B (Cars above 1600cc or 97kW),381,623,378,,,,,,,,,,,
September 2013 Second Open Bidding Exercise,2013-09-18,2013,Cat B (Cars above 1600cc or 97kW),377,703,368,,,,,,,,,,,
October 2013 First Open Bidding Exercise,2013-10-09,2013,Cat B (Cars above 1600cc or 97kW),376,649,373,,,,,,,,,,,
October 2013 Second Open Bidding Exercise,2013-10-23,2013,Cat B (Cars above 1600cc or 97kW),382,515,376,,,,,,,,,,,
November 2013 First Open Bidding Exercise,2013-11-06,2013,Cat B (Cars above 1600cc or 97kW),376,482,376,,,,,,,,,,,
November 2013 Second Open Bidding Exercise,2013-11-20,2013,Cat B (Cars above 1600cc or 97kW),379,536,375,,,,,,,,,,,
December 2013 First Open Bidding Exercise,2013-12-04,2013,Cat B (Cars above 1600cc or 97kW),373,549,360,,,,,,,,,,,
December 2013 Second Open Bidding Exercise,2013-12-18,2013,Cat B (Cars above 1600cc or 97kW),377,500,357,,,,,,,,,,,
January 2014 First Open Bidding Exercise,2014-01-08,2014,Cat B (Cars above 1600cc or 97kW),386,581,377,,,,,,,,,,,
January 2014 Second Open Bidding Exercise,2014-01-22,2014,Cat B (Cars above 1600cc or 97kW),393,512,388,,,,,,,,,,,
February 2014 First Open Bidding Exercise,2014-02-05,2014,Cat B (Cars above 1600cc or 97kW),360,523,360,,,,,,,,,,,
February 2014 Second Open Bidding Exercise,2014-02-19,2014,Cat B (Cars above 1600cc or 97kW),355,519,353,,,,,,,,,,,
March 2014 First Open Bidding Exercise,2014-03-05,2014,Cat B (Cars above 1600cc or 97kW),350,499,337,,,,,,,,,,,
March 2014 Second Open Bidding Exercise,2014-03-19,2014,Cat B (Cars above 1600cc or 97kW),353,524,352,,,,,,,,,,,
April 2014 First Open Bidding Exercise,2014-04-09,2014,Cat B (Cars above 1600cc or 97kW),363,523,363,,,,,,,,,,,
April 2014 Second Open Bidding Exercise,2014-04-23,2014,Cat B (Cars above 1600cc or 97kW),351,486,349,,,,,,,,,,,
May 2014 First Open Bidding Exercise,2014-05-07,2014,Cat B (Cars above 1600cc or 97kW),483,778,472,,,,,,,,,,,
May 2014 Second Open Bidding Exercise,2014-05-21,2014,Cat B (Cars above 1600cc or 97kW),484,716,477,,,,,,,,,,,
June 2014 First Open Bidding Exercise,2014-06-04,2014,Cat B (Cars above 1600cc or 97kW),494,807,484,,,,,,,,,,,
June 2014 Second Open Bidding Exercise,2014-06-18,2014,Cat B (Cars above 1600cc or 97kW),490,716,475,,,,,,,,,,,
July 2014 First Open Bidding Exercise,2014-07-09,2014,Cat B (Cars above 1600cc or 97kW),493,812,491,,,,,,,,,,,
July 2014 Second Open Bidding Exercise,2014-07-23,2014,Cat B (Cars above 1600cc or 97kW),498,850,497,,,,,,,,,,,
August 2014 First Open Bidding Exercise,2014-08-06,2014,Cat B (Cars above 1600cc or 97kW),507,1090,501,,,,,,,,,,,
August 2014 Second Open Bidding Exercise,2014-08-20,2014,Cat B (Cars above 1600cc or 97kW),506,1137,502,,,,,,,,,,,
September 2014 First Open Bidding Exercise,2014-09-03,2014,Cat B (Cars above 1600cc or 97kW),511,909,511,,,,,,,,,,,
September 2014 Second Open Bidding Exercise,2014-09-17,2014,Cat B (Cars above 1600cc or 97kW),509,785,507,,,,,,,,,,,
October 2014 First Open Bidding Exercise,2014-10-09,2014,Cat B (Cars above 1600cc or 97kW),505,852,501,,,,,,,,,,,
October 2014 Second Open Bidding Exercise,2014-10-23,2014,Cat B (Cars above 1600cc or 97kW),507,822,506,,,,,,,,,,,
November 2014 First Open Bidding Exercise,2014-11-05,2014,Cat B (Cars above 1600cc or 97kW),574,832,559,,,,,,,,,,,
November 2014 Second Open Bidding Exercise,2014-11-19,2014,Cat B (Cars above 1600cc or 97kW),570,900,560,,,,,,,,,,,
December 2014 First Open Bidding Exercise,2014-12-03,2014,Cat B (Cars above 1600cc or 97kW),584,873,582,,,,,,,,,,,
December 2014 Second Open Bidding Exercise,2014-12-17,2014,Cat B (Cars above 1600cc or 97kW),579,755,572,,,,,,,,,,,
January 2015 First Open Bidding Exercise,2015-01-07,2015,Cat B (Cars above 1600cc or 97kW),571,833,570,,,,,,,,,,,
January 2015 Second Open Bidding Exercise,2015-01-21,2015,Cat B (Cars above 1600cc or 97kW),576,915,576,,,,,,,,,,,
February 2015 First Open Bidding Exercise,2015-02-04,2015,Cat B (Cars above 1600cc or 97kW),724,959,723,,,,,,,,,,,
February 2015 Second Open Bidding Exercise,2015-02-17,2015,Cat B (Cars above 1600cc or 97kW),722,1037,721,,,,,,,,,,,
March 2015 First Open Bidding Exercise,2015-03-04,2015,Cat B (Cars above 1600cc or 97kW),723,1239,723,,,,,,,,,,,
March 2015 Second Open Bidding Exercise,2015-03-18,2015,Cat B (Cars above 1600cc or 97kW),723,1354,717,,,,,,,,,,,
April 2015 First Open Bidding Exercise,2015-04-08,2015,Cat B (Cars above 1600cc or 97kW),722,1661,716,,,,,,,,,,,
April 2015 Second Open Bidding Exercise,2015-04-22,2015,Cat B (Cars above 1600cc or 97kW),728,1525,708,,,,,,,,,,,
May 2015 First Open Bidding Exercise,2015-05-06,2015,Cat B (Cars above 1600cc or 97kW),934,1631,934,,,,,,,,,,,
May 2015 Second Open Bidding Exercise,2015-05-20,2015,Cat B (Cars above 1600cc or 97kW),948,1401,948,,,,,,,,,,,
June 2015 First Open Bidding Exercise,2015-06-04,2015,Cat B (Cars above 1600cc or 97kW),929,1384,923,,,,,,,,,,,
June 2015 Second Open Bidding Exercise,2015-06-17,2015,Cat B (Cars above 1600cc or 97kW),928,1144,926,,,,,,,,,,,
July 2015 First Open Bidding Exercise,2015-07-08,2015,Cat B (Cars above 1600cc or 97kW),934,1225,933,,,,,,,,,,,
July 2015 Second Open Bidding Exercise,2015-07-22,2015,Cat B (Cars above 1600cc or 97kW),930,1218,929,,,,,,,,,,,
August 2015 First Open Bidding Exercise,2015-08-05,2015,Cat B (Cars above 1600cc or 97kW),1057,1634,1054,,,,,,,,,,,
August 2015 Second Open Bidding Exercise,2015-08-19,2015,Cat B (Cars above 1600cc or 97kW),1058,1551,1056,,,,,,,,,,,
September 2015 First Open Bidding Exercise,2015-09-09,2015,Cat B (Cars above 1600cc or 97kW),1059,1628,1058,,,,,,,,,,,
September 2015 Second Open Bidding Exercise,2015-09-23,2015,Cat B (Cars above 1600cc or 97kW),1058,1371,1041,,,,,,,,,,,
October 2015 First Open Bidding Exercise,2015-10-07,2015,Cat B (Cars above 1600cc or 97kW),1057,1373,1044,,,,,,,,,,,
October 2015 Second Open Bidding Exercise,2015-10-21,2015,Cat B (Cars above 1600cc or 97kW),1073,1367,1069,,,,,,,,,,,
November 2015 First Open Bidding Exercise,2015-11-04,2015,Cat B (Cars above 1600cc or 97kW),1037,1267,1031,,,,,,,,,,,
November 2015 Second Open Bidding Exercise,2015-11-18,2015,Cat B (Cars above 1600cc or 97kW),1029,1388,1026,,,,,,,,,,,
December 2015 First Open Bidding Exercise,2015-12-09,2015,Cat B (Cars above 1600cc or 97kW),1031,1324,1028,,,,,,,,,,,
December 2015 Second Open Bidding Exercise,2015-12-23,2015,Cat B (Cars above 1600cc or 97kW),1027,1200,1025,,,,,,,,,,,
January 2016 First Open Bidding Exercise,2016-01-06,2016,Cat B (Cars above 1600cc or 97kW),1027,1262,1019,,,,,,,,,,,
January 2016 Second Open Bidding Exercise,2016-01-20,2016,Cat B (Cars above 1600cc or 97kW),1026,1334,1026,,,,,,,,,,,
February 2016 First Open Bidding Exercise,2016-02-03,2016,Cat B (Cars above 1600cc or 97kW),1216,1624,1216,,,,,,,,,,,
February 2016 Second Open Bidding Exercise,2016-02-17,2016,Cat B (Cars above 1600cc or 97kW),1208,2898,1197,,,,,,,,,,,
March 2016 First Open Bidding Exercise,2016-03-09,2016,Cat B (Cars above 1600cc or 97kW),1209,2706,1200,,,,,,,,,,,
March 2016 Second Open Bidding Exercise,2016-03-23,2016,Cat B (Cars above 1600cc or 97kW),1220,2491,1218,,,,,,,,,,,
April 2016 First Open Bidding Exercise,2016-04-06,2016,Cat B (Cars above 1600cc or 97kW),1218,2247,1218,,,,,,,,,,,
April 2016 Second Open Bidding Exercise,2016-04-20,2016,Cat B (Cars above 1600cc or 97kW),1211,2364,1136,,,,,,,,,,,
May 2016 First Open Bidding Exercise,2016-05-05,2016,Cat B (Cars above 1600cc or 97kW),1462,2435,1454,,,,,,,,,,,
May 2016 Second Open Bidding Exercise,2016-05-18,2016,Cat B (Cars above 1600cc or 97kW),1537,2322,1536,,,,,,,,,,,
June 2016 First Open Bidding Exercise,2016-06-08,2016,Cat B (Cars above 1600cc or 97kW),1470,3436,1463,,,,,,,,,,,
June 2016 Second Open Bidding Exercise,2016-06-22,2016,Cat B (Cars above 1600cc or 97kW),1463,2914,1462,,,,,,,,,,,
July 2016 First Open Bidding Exercise,2016-07-07,2016,Cat B (Cars above 1600cc or 97kW),1469,2547,1469,,,,,,,,,,,
July 2016 Second Open Bidding Exercise,2016-07-20,2016,Cat B (Cars above 1600cc or 97kW),1463,2439,1463,,,,,,,,,,,
August 2016 First Open Bidding Exercise,2016-08-03,2016,Cat B (Cars above 1600cc or 97kW),1336,2156,1300,,,,,,,,,,,
August 2016 Second Open Bidding Exercise,2016-08-17,2016,Cat B (Cars above 1600cc or 97kW),1336,2088,1334,,,,,,,,,,,
September 2016 First Open Bidding Exercise,2016-09-07,2016,Cat B (Cars above 1600cc or 97kW),1372,2183,1358,,,,,,,,,,,
September 2016 Second Open Bidding Exercise,2016-09-21,2016,Cat B (Cars above 1600cc or 97kW),1338,2017,1334,,,,,,,,,,,
October 2016 First Open Bidding Exercise,2016-10-05,2016,Cat B (Cars above 1600cc or 97kW),1350,1785,1246,,,,,,,,,,,
October 2016 Second Open Bidding Exercise,2016-10-19,2016,Cat B (Cars above 1600cc or 97kW),1340,1768,1329,,,,,,,,,,,
November 2016 First Open Bidding Exercise,2016-11-09,2016,Cat B (Cars above 1600cc or 97kW),1347,2012,1345,,,,,,,,,,,
November 2016 Second Open Bidding Exercise,2016-11-23,2016,Cat B (Cars above 1600cc or 97kW),1254,1708,1253,,,,,,,,,,,
December 2016 First Open Bidding Exercise,2016-12-07,2016,Cat B (Cars above 1600cc or 97kW),1245,1494,1237,,,,,,,,,,,
December 2016 Second Open Bidding Exercise,2016-12-21,2016,Cat B (Cars above 1600cc or 97kW),1244,2052,1242,,,,,,,,,,,
January 2017 First Open Bidding Exercise,2017-01-05,2017,Cat B (Cars above 1600cc or 97kW),1252,1835,1243,,,,,,,,,,,
January 2017 Second Open Bidding Exercise,2017-01-18,2017,Cat B (Cars above 1600cc or 97kW),1246,1967,1226,,,,,,,,,,,
February 2017 First Open Bidding Exercise,2017-02-08,2017,Cat B (Cars above 1600cc or 97kW),1366,1783,1352,,,,,,,,,,,
February 2017 Second Open Bidding Exercise,2017-02-24,2017,Cat B (Cars above 1600cc or 97kW),1377,2126,1377,,,,,,,,,,,
March 2017 First Open Bidding Exercise,2017-03-15,2017,Cat B (Cars above 1600cc or 97kW),1371,2298,1368,,,,,,,,,,,
March 2017 Second Open Bidding Exercise,2017-03-29,2017,Cat B (Cars above 1600cc or 97kW),1357,2081,1345,,,,,,,,,,,
April 2017 First Open Bidding Exercise,2017-04-12,2017,Cat B (Cars above 1600cc or 97kW),1360,1970,1360,,,,,,,,,,,
April 2017 Second Open Bidding Exercise,2017-04-26,2017,Cat B (Cars above 1600cc or 97kW),1369,2000,1365,,,,,,,,,,,
May 2017 First Open Bidding Exercise,2017-05-11,2017,Cat B (Cars above 1600cc or 97kW),1320,1996,1316,,,,,,,,,,,
May 2017 Second Open Bidding Exercise,2017-05-24,2017,Cat B (Cars above 1600cc or 97kW),1325,1725,1325,,,,,,,,,,,
June 2017 First Open Bidding Exercise,2017-06-07,2017,Cat B (Cars above 1600cc or 97kW),1325,1582,1324,,,,,,,,,,,
June 2017 Second Open Bidding Exercise,2017-06-21,2017,Cat B (Cars above 1600cc or 97kW),1321,1651,1320,,,,,,,,,,,
July 2017 First Open Bidding Exercise,2017-07-05,2017,Cat B (Cars above 1600cc or 97kW),1322,1910,1321,,,,,,,,,,,
July 2017 Second Open Bidding Exercise,2017-07-19,2017,Cat B (Cars above 1600cc or 97kW),1322,1784,1314,,,,,,,,,,,
August 2017 First Open Bidding Exercise,2017-08-10,2017,Cat B (Cars above 1600cc or 97kW),1286,1978,1281,,,,,,,,,,,
August 2017 Second Open Bidding Exercise,2017-08-23,2017,Cat B (Cars above 1600cc or 97kW),1293,1683,1290,,,,,,,,,,,
September 2017 First Open Bidding Exercise,2017-09-06,2017,Cat B (Cars above 1600cc or 97kW),1290,1704,1290,,,,,,,,,,,
September 2017 Second Open Bidding Exercise,2017-09-20,2017,Cat B (Cars above 1600cc or 97kW),1288,1859,1288,,,,,,,,,,,
October 2017 First Open Bidding Exercise,2017-10-04,2017,Cat B (Cars above 1600cc or 97kW),1285,1646,1284,,,,,,,,,,,
October 2017 Second Open Bidding Exercise,2017-10-19,2017,Cat B (Cars above 1600cc or 97kW),1285,1718,1277,,,,,,,,,,,
November 2017 First Open Bidding Exercise,2017-11-08,2017,Cat B (Cars above 1600cc or 97kW),1376,2515,1375,,,,,,,,,,,
November 2017 Second Open Bidding Exercise,2017-11-22,2017,Cat B (Cars above 1600cc or 97kW),1383,2173,1383,,,,,,,,,,,
December 2017 First Open Bidding Exercise,2017-12-06,2017,Cat B (Cars above 1600cc or 97kW),1375,1805,1375,,,,,,,,,,,
December 2017 Second Open Bidding Exercise,2017-12-20,2017,Cat B (Cars above 1600cc or 97kW),1374,1634,1367,,,,,,,,,,,
January 2018 First Open Bidding Exercise,2018-01-04,2018,Cat B (Cars above 1600cc or 97kW),1374,1811,1368,,,,,,,,,,,
January 2018 Second Open Bidding Exercise,2018-01-17,2018,Cat B (Cars above 1600cc or 97kW),1381,1654,1380,,,,,,,,,,,
February 2018 First Open Bidding Exercise,2018-02-07,2018,Cat B (Cars above 1600cc or 97kW),1396,1831,1396,,,,,,,,,,,
February 2018 Second Open Bidding Exercise,2018-02-21,2018,Cat B (Cars above 1600cc or 97kW),1391,1744,1379,,,,,,,,,,,
March 2018 First Open Bidding Exercise,2018-03-07,2018,Cat B (Cars above 1600cc or 97kW),1390,1731,1390,,,,,,,,,,,
March 2018 Second Open Bidding Exercise,2018-03-21,2018,Cat B (Cars above 1600cc or 97kW),1402,1639,1374,,,,,,,,,,,
April 2018 First Open Bidding Exercise,2018-04-04,2018,Cat B (Cars above 1600cc or 97kW),1389,1689,1388,,,,,,,,,,,
April 2018 Second Open Bidding Exercise,2018-04-18,2018,Cat B (Cars above 1600cc or 97kW),1417,1919,1414,,,,,,,,,,,
May 2018 First Open Bidding Exercise,2018-05-09,2018,Cat B (Cars above 1600cc or 97kW),1280,2155,1267,,,,,,,,,,,
May 2018 Second Open Bidding Exercise,2018-05-23,2018,Cat B (Cars above 1600cc or 97kW),1283,1915,1247,,,,,,,,,,,
June 2018 First Open Bidding Exercise,2018-06-06,2018,Cat B (Cars above 1600cc or 97kW),1293,1727,1285,,,,,,,,,,,
June 2018 Second Open Bidding Exercise,2018-06-20,2018,Cat B (Cars above 1600cc or 97kW),1316,1729,1311,,,,,,,,,,,
July 2018 First Open Bidding Exercise,2018-07-04,2018,Cat B (Cars above 1600cc or 97kW),1288,1637,1288,,,,,,,,,,,
July 2018 Second Open Bidding Exercise,2018-07-18,2018,Cat B (Cars above 1600cc or 97kW),1285,1919,1278,,,,,,,,,,,
August 2018 First Open Bidding Exercise,2018-08-08,2018,Cat B (Cars above 1600cc or 97kW),1265,2132,1256,,,,,,,,,,,
August 2018 Second Open Bidding Exercise,2018-08-23,2018,Cat B (Cars above 1600cc or 97kW),1272,2031,1259,,,,,,,,,,,
September 2018 First Open Bidding Exercise,2018-09-05,2018,Cat B (Cars above 1600cc or 97kW),1274,1959,1268,,,,,,,,,,,
September 2018 Second Open Bidding Exercise,2018-09-19,2018,Cat B (Cars above 1600cc or 97kW),1278,1859,1269,,,,,,,,,,,
October 2018 First Open Bidding Exercise,2018-10-03,2018,Cat B (Cars above 1600cc or 97kW),1271,1886,1241,,,,,,,,,,,
October 2018 Second Open Bidding Exercise,2018-10-17,2018,Cat B (Cars above 1600cc or 97kW),1273,1856,1267,,,,,,,,,,,
November 2018 First Open Bidding Exercise,2018-11-08,2018,Cat B (Cars above 1600cc or 97kW),1265,2142,1262,,,,,,,,,,,
November 2018 Second Open Bidding Exercise,2018-11-21,2018,Cat B (Cars above 1600cc or 97kW),1241,1786,1234,,,,,,,,,,,
December 2018 First Open Bidding Exercise,2018-12-05,2018,Cat B (Cars above 1600cc or 97kW),1239,1780,1230,,,,,,,,,,,
December 2018 Second Open Bidding Exercise,2018-12-19,2018,Cat B (Cars above 1600cc or 97kW),1243,1804,1235,,,,,,,,,,,
January 2019 First Open Bidding Exercise,2019-01-09,2019,Cat B (Cars above 1600cc or 97kW),1245,1818,1242,,,,,,,,,,,
January 2019 Second Open Bidding Exercise,2019-01-23,2019,Cat B (Cars above 1600cc or 97kW),1244,2119,1230,,,,,,,,,,,
February 2019 First Open Bidding Exercise,2019-02-08,2019,Cat B (Cars above 1600cc or 97kW),1202,1937,1169,,,,,,,,,,,
February 2019 Second Open Bidding Exercise,2019-02-20,2019,Cat B (Cars above 1600cc or 97kW),1214,1993,1213,,,,,,,,,,,
March 2019 First Open Bidding Exercise,2019-03-06,2019,Cat B (Cars above 1600cc or 97kW),1233,1903,1230,,,,,,,,,,,
March 2019 Second Open Bidding Exercise,2019-03-20,2019,Cat B (Cars above 1600cc or 97kW),1201,1878,1195,,,,,,,,,,,
April 2019 First Open Bidding Exercise,2019-04-03,2019,Cat B (Cars above 1600cc or 97kW),1202,1782,1202,,,,,,,,,,,
April 2019 Second Open Bidding Exercise,2019-04-17,2019,Cat B (Cars above 1600cc or 97kW),1205,1634,1181,,,,,,,,,,,
May 2019 First Open Bidding Exercise,2019-05-08,2019,Cat B (Cars above 1600cc or 97kW),1139,1360,1139,,,,,,,,,,,
May 2019 Second Open Bidding Exercise,2019-05-23,2019,Cat B (Cars above 1600cc or 97kW),1163,1407,1161,,,,,,,,,,,
June 2019 First Open Bidding Exercise,2019-06-06,2019,Cat B (Cars above 1600cc or 97kW),1139,1346,1137,,,,,,,,,,,
June 2019 Second Open Bidding Exercise,2019-06-19,2019,Cat B (Cars above 1600cc or 97kW),1141,1418,1137,,,,,,,,,,,
July 2019 First Open Bidding Exercise,2019-07-03,2019,Cat B (Cars above 1600cc or 97kW),1141,1390,1135,,,,,,,,,,,
July 2019 Second Open Bidding Exercise,2019-07-17,2019,Cat B (Cars above 1600cc or 97kW),1143,1677,1140,,,,,,,,,,,
August 2019 First Open Bidding Exercise,2019-08-07,2019,Cat B (Cars above 1600cc or 97kW),1047,1487,1043,,,,,,,,,,,
August 2019 Second Open Bidding Exercise,2019-08-21,2019,Cat B (Cars above 1600cc or 97kW),1045,1415,1043,,,,,,,,,,,
September 2019 First Open Bidding Exercise,2019-09-04,2019,Cat B (Cars above 1600cc or 97kW),1046,1289,1040,,,,,,,,,,,
September 2019 Second Open Bidding Exercise,2019-09-18,2019,Cat B (Cars above 1600cc or 97kW),1044,1418,1042,,,,,,,,,,,
October 2019 First Open Bidding Exercise,2019-10-09,2019,Cat B (Cars above 1600cc or 97kW),1048,1559,1042,,,,,,,,,,,
October 2019 Second Open Bidding Exercise,2019-10-23,2019,Cat B (Cars above 1600cc or 97kW),1044,1503,1037,,,,,,,,,,,
November 2019 First Open Bidding Exercise,2019-11-06,2019,Cat B (Cars above 1600cc or 97kW),1017,1296,1016,,,,,,,,,,,
November 2019 Second Open Bidding Exercise,2019-11-20,2019,Cat B (Cars above 1600cc or 97kW),1019,1331,1016,,,,,,,,,,,
December 2019 First Open Bidding Exercise,2019-12-04,2019,Cat B (Cars above 1600cc or 97kW),1013,1265,1003,,,,,,,,,,,
December 2019 Second Open Bidding Exercise,2019-12-18,2019,Cat B (Cars above 1600cc or 97kW),1015,1251,1015,,,,,,,,,,,
January 2020 First Open Bidding Exercise,2020-01-08,2020,Cat B (Cars above 1600cc or 97kW),1022,1229,1021,,,,,,,,,,,
January 2020 Second Open Bidding Exercise,2020-01-22,2020,Cat B (Cars above 1600cc or 97kW),1012,1157,1008,,,,,,,,,,,
February 2020 First Open Bidding Exercise,2020-02-05,2020,Cat B (Cars above 1600cc or 97kW),984,1173,980,,,,,,,,,,,
February 2020 Second Open Bidding Exercise,2020-02-19,2020,Cat B (Cars above 1600cc or 97kW),987,1459,978,,,,,,,,,,,
March 2020 First Open Bidding Exercise,2020-03-04,2020,Cat B (Cars above 1600cc or 97kW),987,1347,987,,,,,,,,,,,
March 2020 Second Open Bidding Exercise,2020-03-18,2020,Cat B (Cars above 1600cc or 97kW),992,1366,943,,,,,,,,,,,
July 2020 First Open Bidding Exercise,2020-07-08,2020,Cat B (Cars above 1600cc or 97kW),1291,3160,1260,,,,,,,,,,,
July 2020 Second Open Bidding Exercise,2020-07-22,2020,Cat B (Cars above 1600cc or 97kW),1339,2497,1316,,,,,,,,,,,
August 2020 First Open Bidding Exercise,2020-08-05,2020,Cat B (Cars above 1600cc or 97kW),932,1985,928,,,,,,,,,,,
August 2020 Second Open Bidding Exercise,2020-08-19,2020,Cat B (Cars above 1600cc or 97kW),923,1727,912,,,,,,,,,,,
September 2020 First Open Bidding Exercise,2020-09-09,2020,Cat B (Cars above 1600cc or 97kW),904,1715,892,,,,,,,,,,,
September 2020 Second Open Bidding Exercise,2020-09-23,2020,Cat B (Cars above 1600cc or 97kW),912,1497,912,,,,,,,,,,,
October 2020 First Open Bidding Exercise,2020-10-07,2020,Cat B (Cars above 1600cc or 97kW),805,1218,800,,,,,,,,,,,
October 2020 Second Open Bidding Exercise,2020-10-21,2020,Cat B (Cars above 1600cc or 97kW),793,1272,793,,,,,,,,,,,
November 2020 First Open Bidding Exercise,2020-11-04,2020,Cat B (Cars above 1600cc or 97kW),1013,1415,985,,,,,,,,,,,
November 2020 Second Open Bidding Exercise,2020-11-18,2020,Cat B (Cars above 1600cc or 97kW),1007,1559,1006,,,,,,,,,,,
December 2020 First Open Bidding Exercise,2020-12-09,2020,Cat B (Cars above 1600cc or 97kW),1035,1712,1019,,,,,,,,,,,
December 2020 Second Open Bidding Exercise,2020-12-23,2020,Cat B (Cars above 1600cc or 97kW),1009,1631,998,,,,,,,,,,,
January 2021 First Open Bidding Exercise,2021-01-06,2021,Cat B (Cars above 1600cc or 97kW),1023,1396,1021,,,,,,,,,,,
January 2021 Second Open Bidding Exercise,2021-01-20,2021,Cat B (Cars above 1600cc or 97kW),1023,1396,1021,,,,,,,,,,,
February 2021 First Open Bidding Exercise,2021-02-03,2021,Cat B (Cars above 1600cc or 97kW),943,1107,943,,,,,,,,,,,
February 2021 Second Open Bidding Exercise,2021-02-17,2021,Cat B (Cars above 1600cc or 97kW),942,1168,938,,,,,,,,,,,
March 2021 First Open Bidding Exercise,2021-03-03,2021,Cat B (Cars above 1600cc or 97kW),942,1121,926,,,,,,,,,,,
March 2021 Second Open Bidding Exercise,2021-03-17,2021,Cat B (Cars above 1600cc or 97kW),946,1222,932,,,,,,,,,,,
April 2021 First Open Bidding Exercise,2021-04-07,2021,Cat B (Cars above 1600cc or 97kW),958,1524,949,,,,,,,,,,,
April 2021 Second Open Bidding Exercise,2021-04-21,2021,Cat B (Cars above 1600cc or 97kW),956,1585,949,,,,,,,,,,,
May 2021 First Open Bidding Exercise,2021-05-05,2021,Cat B (Cars above 1600cc or 97kW),819,1244,813,,,,,,,,,,,
May 2021 Second Open Bidding Exercise,2021-05-19,2021,Cat B (Cars above 1600cc or 97kW),817,1089,817,,,,,,,,,,,
June 2021 First Open Bidding Exercise,2021-06-09,2021,Cat B (Cars above 1600cc or 97kW),815,1107,784,,,,,,,,,,,
June 2021 Second Open Bidding Exercise,2021-06-23,2021,Cat B (Cars above 1600cc or 97kW),809,983,799,,,,,,,,,,,
July 2021 First Open Bidding Exercise,2021-07-07,2021,Cat B (Cars above 1600cc or 97kW),840,1087,840,,,,,,,,,,,
July 2021 Second Open Bidding Exercise,2021-07-22,2021,Cat B (Cars above 1600cc or 97kW),819,1107,796,,,,,,,,,,,
August 2021 First Open Bidding Exercise,2021-08-04,2021,Cat B (Cars above 1600cc or 97kW),771,980,751,,,,,,,,,,,
August 2021 Second Open Bidding Exercise,2021-08-18,2021,Cat B (Cars above 1600cc or 97kW),794,1065,793,,,,,,,,,,,
September 2021 First Open Bidding Exercise,2021-09-08,2021,Cat B (Cars above 1600cc or 97kW),791,1080,788,,,,,,,,,,,
September 2021 Second Open Bidding Exercise,2021-09-22,2021,Cat B (Cars above 1600cc or 97kW),772,1189,768,,,,,,,,,,,
October 2021 First Open Bidding Exercise,2021-10-06,2021,Cat B (Cars above 1600cc or 97kW),774,1130,774,,,,,,,,,,,
October 2021 Second Open Bidding Exercise,2021-10-20,2021,Cat B (Cars above 1600cc or 97kW),774,1240,767,,,,,,,,,,,
November 2021 First Open Bidding Exercise,2021-11-03,2021,Cat B (Cars above 1600cc or 97kW),587,839,581,,,,,,,,,,,
November 2021 Second Open Bidding Exercise,2021-11-17,2021,Cat B (Cars above 1600cc or 97kW),594,797,585,,,,,,,,,,,
December 2021 First Open Bidding Exercise,2021-12-08,2021,Cat B (Cars above 1600cc or 97kW),593,822,593,,,,,,,,,,,
December 2021 Second Open Bidding Exercise,2021-12-22,2021,Cat B (Cars above 1600cc or 97kW),595,829,590,,,,,,,,,,,
January 2022 First Open Bidding Exercise,2022-01-05,2022,Cat B (Cars above 1600cc or 97kW),587,712,586,,,,,,,,,,,
January 2022 Second Open Bidding Exercise,2022-01-19,2022,Cat B (Cars above 1600cc or 97kW),592,907,583,,,,,,,,,,,
February 2022 First Open Bidding Exercise,2022-02-09,2022,Cat B (Cars above 1600cc or 97kW),550,865,549,,,,,,,,,,,
February 2022 Second Open Bidding Exercise,2022-02-23,2022,Cat B (Cars above 1600cc or 97kW),559,939,554,,,,,,,,,,,
